applicationNumber,name,surname,FatherOrSpouseName,FatherSpouseIndicator,Gender,MaritalStatus,DOB,Nationality,ResidentialStatus,PAN,UID,CorrespondenceAddressType,CorrespondenceAddressFlatNo,CorrespondenceAddressApartmentName,CorrespondenceAddressStreet,CorrespondenceAddressCityTownVillage,CorrespondenceAddressPin,CorrespondenceAddressState,CorrespondenceAddressCountry,ContactISD,ContactSTD,ContactNo,ContactEmail,GrossAnnualIncome,NetWorth,NetWorthDate,Occupation,PEPIndicator,SpendIndicator,AnnualSpend,AnnualIncome,AnnualTax,Age
1,Robin,West,Charles West,S,F,M,26-May-54,India,Y,FELPW2981R,126-28-0890,passport,51,its,8633 Kyle Villages,Danielfort,5726,Pennsylvania,India,27,253,9734434084,Robin.West@gmail.com,454025,3632200,10-May-19,Surveyor- building control,N,M,92549.1875,370196.75,83828.25,65
2,Linda,Salazar,Henry Salazar,F,F,S,23-May-66,India,Y,AWCPS0800G,623-07-9060,aadhaar,10,artist,3250 Perkins Expressway Suite 556,West Christinamouth,9337,California,India,99,197,9868767974,Linda.Salazar@hotmail.com,3100114,12400456,10-May-19,Market researcher,N,M,535769.095,2143076.38,957037.62,53
3,John,David,Erin David,S,M,M,17-May-89,India,Y,AZLPD8251N,413-08-8773,passport,1,fire,921 Laura Views Suite 514,North Zachary,92027,Montana,India,62,157,9052706131,John.David@hotmail.com,4382268,43822680,10-May-19,Metallurgist,N,L,428874.2229,3002119.56,1380148.44,30
4,Erin,Brown,Steven Brown,S,F,S,20-May-76,India,Y,CPEPB4511T,007-70-8830,aadhaar,71,continue,752 Catherine Views,East Janiceberg,21653,Alaska,India,17,183,9864125986,Erin.Brown@yahoo.com,3097934,15489670,10-May-19,Drilling engineer,N,L,305945.1114,2141615.78,956318.22,43
5,Ryan,Bush,Kaitlyn Bush,S,M,S,21-May-72,India,Y,CVFPB4379A,109-75-9754,voter id,35,tend,735 Murillo Crossroad,Woodville,45478,Ohio,India,98,211,9529974298,Ryan.Bush@gmail.com,2461299,22151691,10-May-19,Psychologist- occupational,N,H,571690.11,1715070.33,746228.67,47
6,Robert,Stark,James Stark,F,M,M,26-May-52,India,Y,BOIPS6039B,140-61-7076,voter id,98,ahead,48970 Greene Loaf,Johnsonstad,83727,Minnesota,India,34,296,9220251868,Robert.Stark@hotmail.com,2118744,10593720,10-May-19,Engineering geologist,N,M,297111.696,1485558.48,633185.52,67
7,Laura,Gibson,Randy Gibson,S,F,M,20-May-79,India,Y,DDJPG9542T,845-48-9271,voter id,69,well,367 George Knolls,Lake Justinborough,71513,Michigan,India,47,189,9521121856,Laura.Gibson@gmail.com,2186456,10932280,10-May-19,Psychologist- educational,N,H,765462.76,1530925.52,655530.48,40
8,Robert,Thomas,Robert Thomas,F,M,M,28-May-47,India,Y,AOHPT8828S,016-11-1526,aadhaar,1,high,88650 Wright Ridges,Port Richard,58879,Kentucky,India,12,256,9807538080,Robert.Thomas@yahoo.com,1785003,7140012,10-May-19,Television production assistant,N,L,180278.8586,1261952.01,523050.99,72
9,Charles,Kennedy,Jennifer Kennedy,S,M,S,29-May-42,US,N,,576-98-1925,passport,27,few,05616 Susan Fork Apt. 078,East Daniel,55422,Alabama,US,75,283,9393366506,Charles.Kennedy@hotmail.com,3406994,37476934,10-May-19,Volunteer coordinator,Y,L,335526.5686,2348685.98,1058308.02,77
10,Bridget,Perez,Fernando Perez,F,F,S,24-May-62,India,Y,BHUPP3801J,484-15-0675,passport,55,room,155 Roy Glen Apt. 566,Loweryport,15265,Oklahoma,India,91,252,9528676614,Bridget.Perez@yahoo.com,3443381,24103667,10-May-19,Commercial horticulturist,N,M,474613.054,2373065.27,1070315.73,57
11,Chelsea,Anderson,Michael Anderson,S,F,S,28-May-45,India,Y,BMMPA8207S,357-12-3984,aadhaar,6,become,4886 William Wall,Mcintyrefurt,31823,Maryland,India,31,271,9672201953,Chelsea.Anderson@yahoo.com,4429190,31004330,10-May-19,Building control surveyor,N,H,1011185.767,3033557.3,1395632.7,74
12,Stephanie,Hayes,Michael Hayes,S,F,S,23-May-64,UK,N,,265-25-4741,passport,68,answer,566 Carlson Overpass Suite 629,Stonebury,72088,Arizona,UK,9,234,9076850002,Stephanie.Hayes@gmail.com,3667625,14670500,10-May-19,Geochemist,N,M,504661.75,2523308.75,1144316.25,55
13,Yolanda,Mooney,Jason Mooney,F,F,M,29-May-43,US,N,,568-19-2605,voter id,37,here,35263 Jessica Well Apt. 374,South Michaelshire,71106,Minnesota,US,18,162,9318407715,Yolanda.Mooney@hotmail.com,4939593,34577151,10-May-19,Armed forces training and education officer,N,L,482218.1871,3375527.31,1564065.69,76
14,Jacob,Campos,Toni Campos,S,M,S,24-May-60,UK,N,,286-14-1799,voter id,55,hair,88617 Tracy Meadows,Martinburgh,22575,Wyoming,UK,5,271,9072200736,Jacob.Campos@hotmail.com,462542,2312710,10-May-19,Sales executive,N,M,93975.785,375903.14,86638.86,59
15,Christopher,Hampton,Tammy Hampton,S,M,S,19-May-82,India,N,,647-72-0539,aadhaar,31,finally,17345 Boone Ports,East Mark,23457,Massachusetts,India,24,260,9599005766,Christopher.Hampton@yahoo.com,3746333,41209663,10-May-19,Trading standards officer,N,H,1288021.555,2576043.11,1170289.89,37
16,Hayley,Nicholson,William Nicholson,S,F,S,26-May-52,India,Y,EEJPN4794P,372-82-4072,passport,1,drop,470 Cross Manors Suite 577,Kellerland,81401,Ohio,India,60,295,9829437660,Hayley.Nicholson@gmail.com,2537853,15227118,10-May-19,Designer- exhibition/display,N,M,353272.302,1766361.51,771491.49,67
17,Casey,Wang,Leslie Wang,S,M,M,28-May-47,India,Y,FFQPW9724R,784-87-5553,passport,49,daughter,873 Stephen Ville Suite 875,Michaelburgh,38668,Maine,India,38,299,9301354615,Casey.Wang@gmail.com,3904225,42946475,10-May-19,Human resources officer,N,H,1340915.375,2681830.75,1222394.25,72
18,Ricky,Jones,David Jones,F,M,M,28-May-46,US,N,,403-40-0932,passport,48,head,8992 Erica Summit Apt. 827,West Alexhaven,85043,New York,US,95,265,9886724608,Ricky.Jones@gmail.com,1884948,13194636,10-May-19,Corporate treasurer,N,H,664457.58,1328915.16,556032.84,73
19,Melissa,Perkins,Warren Perkins,S,F,S,28-May-47,India,Y,DPKPP1530I,852-57-6916,bank statement,80,case,80171 Mark Shoal,Anthonyville,17192,Arkansas,India,77,142,9197317319,Melissa.Perkins@yahoo.com,2437723,12188615,10-May-19,Therapist- occupational,Y,L,283212.4017,1699274.41,738448.59,72
20,Miguel,Adams,Marilyn Adams,S,M,M,17-May-89,India,N,,350-20-6103,voter id,44,hair,6179 West Inlet,Walkerbury,95505,Connecticut,India,68,133,9716190261,Miguel.Adams@yahoo.com,4815569,28893414,10-May-19,Trade mark attorney,N,L,470347.3186,3292431.23,1523137.77,30
21,Frank,Flores,Tanya Flores,S,M,M,18-May-84,India,Y,BPJPF4601G,117-20-8331,voter id,91,bit,96009 Andrew Crescent Apt. 114,West Kelly,94621,Texas,India,19,265,9812523734,Frank.Flores@hotmail.com,810391,2431173,10-May-19,Market researcher,N,L,101493.6617,608961.97,201429.03,35
22,Don,Alvarado,Amanda Alvarado,S,M,S,29-May-41,India,N,,094-70-1924,voter id,53,order,23623 Barbara Burg Suite 867,Lake Royport,71928,Illinois,India,1,163,9542499521,Don.Alvarado@gmail.com,3685332,40538652,10-May-19,Geophysical data processor,N,M,507034.488,2535172.44,1150159.56,78
23,Jeffery,Reed,David Reed,F,M,S,23-May-64,India,Y,CBBPR8247K,635-60-4559,aadhaar,11,they,10254 Michael Fall,Stephanieberg,38732,Arizona,India,30,251,9381385619,Jeffery.Reed@gmail.com,3676711,22060266,10-May-19,Catering manager,Y,L,361342.3386,2529396.37,1147314.63,55
24,Douglas,Roberts,Carlos Roberts,F,M,S,21-May-72,India,Y,DUNPR3246S,813-71-2907,passport,14,budget,74171 Harper Crest Apt. 692,East Katherinehaven,79988,Tennessee,India,72,281,9471421608,Douglas.Roberts@hotmail.com,2891694,23133552,10-May-19,Textile designer,N,L,333905.83,2003434.98,888259.02,47
25,David,Roberts,Paul Roberts,F,M,M,23-May-66,India,Y,ALVPR4424Q,209-59-8356,bank statement,70,various,38131 Molina Mountains Suite 682,West Ernest,62033,South Carolina,India,6,110,9892555896,David.Roberts@gmail.com,1353930,10831440,10-May-19,Scientist- forensic,N,M,194626.62,973133.1,380796.9,53
26,Vincent,Harmon,Tina Harmon,S,M,S,18-May-85,India,Y,BXOPH4574O,782-17-1103,voter id,60,leader,48733 Mark Key Suite 433,Port Hollyburgh,60382,Illinois,India,26,149,9872884733,Vincent.Harmon@gmail.com,778049,8558539,10-May-19,Buyer- industrial,N,L,83898.97571,587292.83,190756.17,34
27,Anna,Tucker,Travis Tucker,F,F,S,28-May-46,India,Y,BOHPT3991R,642-64-9857,bank statement,20,feel,13592 James Trace Apt. 181,West Jeffreyhaven,39970,Illinois,India,72,174,9897509058,Anna.Tucker@hotmail.com,3252596,35778556,10-May-19,Designer- fashion/clothing,N,M,449047.864,2245239.32,1007356.68,73
28,Juan,English,Marcia English,S,M,S,27-May-49,India,N,,408-33-2444,bank statement,34,difficult,45511 Kaylee Isle,Jaredton,67392,Colorado,India,23,242,9762727650,Juan.English@yahoo.com,224104,1120520,10-May-19,Fast food restaurant manager,N,L,36024.94667,216149.68,7954.32,70
29,Russell,Jones,Theodore Jones,F,M,S,23-May-67,India,Y,FMEPJ4981J,330-49-9930,aadhaar,64,study,2088 Barbara Mission Suite 291,South Jackville,18818,Nevada,India,65,120,9518116357,Russell.Jones@gmail.com,1067153,11738683,10-May-19,Tax inspector,N,H,390496.255,780992.51,286160.49,52
30,Mia,Brooks,Aaron Brooks,S,F,S,27-May-49,India,Y,CZVPB2967N,598-48-3996,aadhaar,75,today,0069 Hogan Plains Suite 047,East Regina,63773,Iowa,India,13,182,9247840079,Mia.Brooks@gmail.com,3610791,25275537,10-May-19,Air traffic controller,N,M,497045.994,2485229.97,1125561.03,70
31,Angela,Gordon,Gregory Gordon,F,F,M,18-May-85,India,Y,EQGPG8105P,700-72-6610,passport,85,western,421 Rebekah Vista Apt. 501,North Jameschester,90142,Arkansas,India,63,278,9518394763,Angela.Gordon@gmail.com,1951494,5854482,10-May-19,Osteopath,N,L,196214.4257,1373500.98,577993.02,34
32,Ian,Lewis,William Lewis,F,M,M,25-May-57,India,Y,CGGPL3046B,664-61-8071,passport,87,under,19970 Patrick Mountain,South Michelle,80231,Virginia,India,95,151,9325495668,Ian.Lewis@gmail.com,3500580,21003480,10-May-19,Music therapist,Y,H,803796.2,2411388.6,1089191.4,62
33,Christopher,Vaughan,Sandra Vaughan,S,M,S,26-May-55,India,Y,FSIPV9389E,284-61-0279,bank statement,97,development,464 Burch Manor,Anthonyton,96310,Colorado,India,83,186,9591114243,Christopher.Vaughan@hotmail.com,1966029,9830145,10-May-19,Wellsite geologist,N,L,197605.6329,1383239.43,582789.57,64
34,Marilyn,Knapp,Kerry Knapp,F,F,M,19-May-81,India,Y,EUUPK4199A,770-02-5033,passport,69,actually,78297 Cervantes Plaza Suite 588,Johnmouth,82606,Rhode Island,India,50,274,9611889544,Marilyn.Knapp@hotmail.com,1834287,11005722,10-May-19,Consulting civil engineer,N,M,258994.458,1294972.29,539314.71,38
35,Sarah,Williams,John Williams,F,F,M,28-May-45,France,N,,095-97-7615,passport,9,south,7322 Arnold Manor,Rodriguezstad,51816,North Carolina,France,2,261,9477530838,Sarah.Williams@hotmail.com,1388381,5553524,10-May-19,Psychotherapist- child,N,L,142316.4671,996215.27,392165.73,74
36,Tonya,Cortez,Lawrence Cortez,S,F,S,25-May-59,India,N,,786-79-5705,aadhaar,36,sea,90798 Victoria Manor,Lake Rebekahville,33675,Ohio,India,64,178,9038080608,Tonya.Cortez@yahoo.com,2539011,7617033,10-May-19,Primary school teacher,N,M,441784.3425,1767137.37,771873.63,60
37,Joel,Morrison,Lisa Morrison,S,M,M,19-May-83,France,N,,585-80-5318,bank statement,40,take,06760 Sylvia Hills,Avilaport,53903,Illinois,France,19,232,9674119368,Joel.Morrison@gmail.com,2790766,27907660,10-May-19,Designer- textile,N,L,322635.5367,1935813.22,854952.78,36
38,Brandon,Smith,Daniel Smith,F,M,S,18-May-84,India,Y,DGOPS3143M,337-73-2987,aadhaar,100,movie,3159 Johns Prairie Suite 775,East Edwinberg,55432,Massachusetts,India,19,100,9247700541,Brandon.Smith@yahoo.com,4404317,22021585,10-May-19,Manufacturing engineer,Y,M,754223.0975,3016892.39,1387424.61,35
39,Mathew,Jackson,Alexander Jackson,F,M,M,19-May-81,India,N,,225-08-5875,voter id,5,structure,1777 Williams Plaza Suite 398,Leeborough,14455,Connecticut,India,79,280,9293035895,Mathew.Jackson@hotmail.com,2016297,22179267,10-May-19,Occupational psychologist,N,M,283383.798,1416918.99,599378.01,38
40,Richard,Ochoa,Jerry Ochoa,F,M,S,28-May-47,India,Y,FOVPO1347H,015-61-5787,voter id,22,hotel,722 Allen Flat,Michaelport,75976,Kentucky,India,97,104,9638794327,Richard.Ochoa@gmail.com,3678156,40459716,10-May-19,Retail merchandiser,N,H,1265182.26,2530364.52,1147791.48,72
41,Katherine,Morgan,Larry Morgan,F,F,S,21-May-72,India,Y,AIPPM1302J,248-14-2250,voter id,5,low,755 Rebecca Islands,Gonzalezborough,3848,Texas,India,23,132,9176418866,Katherine.Morgan@yahoo.com,4660795,46607950,10-May-19,Theme park manager,N,L,531455.4417,3188732.65,1472062.35,47
42,Bianca,Simmons,James Simmons,F,F,S,26-May-54,India,Y,AWUPS5485H,706-10-5867,voter id,35,executive,86474 Love Street Apt. 642,West Christopherbury,86878,Michigan,India,44,106,9872940124,Bianca.Simmons@gmail.com,1227161,4908644,10-May-19,Administrator- sports,N,H,444098.935,888197.87,338963.13,65
43,Timothy,Griffin,Kristine Griffin,S,M,S,23-May-65,India,N,,514-48-5174,passport,73,throughout,8273 Dennis Greens Suite 747,Smithfort,66440,Massachusetts,India,9,193,9782590816,Timothy.Griffin@hotmail.com,1241100,6205500,10-May-19,Surgeon,N,L,128219.5714,897537,343563,54
44,Linda,Hall,Stephen Hall,S,F,M,20-May-78,India,Y,CBGPH2029V,644-31-5622,passport,29,material,044 Foster Pines Suite 793,Lake Deanborough,43926,Kentucky,India,97,284,9306424048,Linda.Hall@yahoo.com,3720885,29767080,10-May-19,Pharmacist- community,N,L,426498.825,2558992.95,1161892.05,41
45,Jesus,King,Megan King,S,M,S,25-May-58,India,N,,340-76-1760,voter id,28,science,444 Hill Trafficway,Whitneymouth,93017,Connecticut,India,97,178,9562289592,Jesus.King@yahoo.com,2613026,15678156,10-May-19,Early years teacher,N,H,908363.71,1816727.42,796298.58,61
46,Kyle,Lee,Gina Lee,S,M,S,28-May-44,India,Y,CFZPL7923G,688-59-2703,aadhaar,14,operation,95949 David Flat,Mackton,61822,New Hampshire,India,24,279,9190602930,Kyle.Lee@yahoo.com,3277799,32777990,10-May-19,Maintenance engineer,N,M,452425.066,2262125.33,1015673.67,75
47,Kelly,Romero,Jacob Romero,F,F,M,18-May-84,UK,N,,664-77-5735,passport,78,energy,91170 Buchanan Ridge Apt. 751,Williamsberg,22139,Maine,UK,94,280,9152699981,Kelly.Romero@yahoo.com,3898443,19492215,10-May-19,Advertising account planner,N,H,892652.27,2677956.81,1220486.19,35
48,Heather,Little,Christopher Little,F,F,M,23-May-66,India,Y,BOUPL3712R,749-05-5890,voter id,61,total,350 Carl Trail,Evanport,57432,Hawaii,India,27,137,9849200611,Heather.Little@hotmail.com,1872543,20597973,10-May-19,Community pharmacist,N,H,440201.27,1320603.81,551939.19,53
49,Sarah,Wilson,Michael Wilson,S,F,M,28-May-47,India,Y,BJZPW4171X,017-91-4443,passport,49,stock,337 Taylor Tunnel Apt. 188,South Samanthaborough,39095,New Hampshire,India,26,110,9464000277,Sarah.Wilson@yahoo.com,3295006,9885018,10-May-19,Private music teacher,N,L,378942.3367,2273654.02,1021351.98,72
50,Bryan,Martinez,Michael Martinez,F,M,S,27-May-51,India,Y,FOBPM1138D,764-05-8668,voter id,59,property,14398 Denise Extension,Port Karimouth,87343,Louisiana,India,40,252,9351031428,Bryan.Martinez@gmail.com,756883,3027532,10-May-19,Water engineer,N,M,143277.9025,573111.61,183771.39,68
51,Bryan,Morales,Destiny Morales,S,M,M,28-May-44,India,Y,DCKPM5414E,083-25-7961,passport,8,base,82131 Fisher Hills,Brianfort,55808,Mississippi,India,65,240,9384422871,Bryan.Morales@yahoo.com,1947868,19478680,10-May-19,Structural engineer,N,H,457023.8533,1371071.56,576796.44,75
52,James,Sparks,Stacy Sparks,S,M,M,25-May-56,France,N,,665-38-7776,voter id,20,your,430 Johnson Path,East Brittanyberg,40525,California,France,92,173,9562220360,James.Sparks@yahoo.com,207906,1455342,10-May-19,Advice worker,N,L,29328.14571,205297.02,2608.98,63
53,William,Thompson,Brenda Thompson,S,M,M,27-May-50,India,N,,592-93-3596,aadhaar,45,wall,502 Barnes Plaza Suite 741,South Michaeltown,14922,Arizona,India,59,183,9186969286,William.Thompson@hotmail.com,382584,3060672,10-May-19,Production assistant- television,N,L,53721.88,322331.28,60252.72,69
54,Cynthia,Delgado,Juan Delgado,S,F,S,22-May-71,India,N,,305-95-5363,bank statement,30,floor,72464 Melissa Road,Alexanderview,2349,Texas,India,52,182,9165500653,Cynthia.Delgado@yahoo.com,3429783,20578698,10-May-19,Ergonomist,N,H,1181977.305,2363954.61,1065828.39,48
55,Samantha,Mosley,Sean Mosley,S,F,S,28-May-44,India,Y,EPZPM0217G,298-72-2127,passport,82,especially,5238 Crystal Bridge Suite 227,Bergerfort,25849,Connecticut,India,23,140,9405367053,Samantha.Mosley@gmail.com,2116085,23276935,10-May-19,Patent examiner,N,H,494592.3167,1483776.95,632308.05,75
56,Lisa,Gonzalez,Robert Gonzalez,S,F,S,20-May-76,India,Y,DQHPG2636J,842-78-7708,passport,86,court,72459 Short Fort Apt. 173,Millermouth,10673,Missouri,India,20,185,9730512496,Lisa.Gonzalez@gmail.com,161996,971976,10-May-19,Catering manager,N,M,40499,161996,0,43
57,Carolyn,Rhodes,Ryan Rhodes,S,F,M,22-May-70,India,Y,FYNPR5511Y,654-52-3860,bank statement,96,later,410 Jon Vista Apt. 157,Hansonland,42739,Maryland,India,69,278,9205005345,Carolyn.Rhodes@gmail.com,2633277,28966047,10-May-19,Phytotherapist,N,L,305049.265,1830295.59,802981.41,49
58,Crystal,Combs,Edward Combs,F,F,M,24-May-61,India,Y,AIHPC7072Z,677-21-4824,aadhaar,17,news,658 Ricardo Glens,Nelsonhaven,21046,Arizona,India,98,207,9877424230,Crystal.Combs@yahoo.com,3734161,41075771,10-May-19,Building control surveyor,N,M,641971.9675,2567887.87,1166273.13,58
59,Stephen,Sims,Jose Sims,F,M,M,20-May-79,India,Y,DCEPS2525H,797-66-7798,passport,20,firm,62720 Boone Place Suite 959,Murrayport,36862,Idaho,India,48,155,9625703220,Stephen.Sims@yahoo.com,2971717,14858585,10-May-19,Radio producer,N,M,514262.5975,2057050.39,914666.61,40
60,Leslie,Taylor,Jason Taylor,S,F,M,27-May-49,India,N,,400-91-4195,aadhaar,80,star,3521 Johnson Streets Suite 291,Port Laura,88900,Arkansas,India,47,261,9628776213,Leslie.Taylor@gmail.com,237332,949328,10-May-19,Amenity horticulturist,N,M,45002.488,225012.44,12319.56,70
61,Adam,Russell,Noah Russell,F,M,S,20-May-79,US,N,,262-88-6780,voter id,38,deep,718 Smith Forest Apt. 214,Patrickfurt,93978,Mississippi,US,28,148,9092175797,Adam.Russell@gmail.com,3863262,42495882,10-May-19,Pensions consultant,N,H,884795.18,2654385.54,1208876.46,40
62,Shawn,Murphy,Nathan Murphy,F,M,M,26-May-55,India,N,,619-02-8763,voter id,49,hear,0622 Brenda Fort Apt. 691,Port Shellyburgh,77830,Ohio,India,69,105,9610105956,Shawn.Murphy@yahoo.com,1776929,14215432,10-May-19,Neurosurgeon,N,L,179506.0614,1256542.43,520386.57,64
63,Louis,Anderson,Richard Anderson,F,M,M,29-May-41,US,N,,631-13-3780,passport,15,remain,427 Cox Port,New Erin,90243,Massachusetts,US,25,204,9774403256,Louis.Anderson@yahoo.com,662212,4635484,10-May-19,International aid/development worker,N,L,84947.00667,509682.04,152529.96,78
64,Nicholas,Miller,Karina Miller,S,M,S,26-May-53,India,Y,DAOPM1508A,818-98-2558,bank statement,75,late,1041 Brown Plains,West Monica,62336,Louisiana,India,77,122,9348772945,Nicholas.Miller@yahoo.com,3124267,15621335,10-May-19,Solicitor- Scotland,N,L,359876.4817,2159258.89,965008.11,66
65,Richard,Gibson,Lauren Gibson,S,M,M,23-May-65,India,Y,CLLPG3715B,812-04-7187,passport,85,serve,250 Mitchell Hill,Barbaraport,48103,Florida,India,67,290,9591317210,Richard.Gibson@hotmail.com,3700717,29605736,10-May-19,Site engineer,N,L,424246.7317,2545480.39,1155236.61,54
66,James,Sullivan,Kathryn Sullivan,S,M,M,27-May-50,India,Y,CGIPS9571L,476-03-6338,voter id,75,crime,070 Clarence Springs,Thomasburgh,53392,Vermont,India,22,202,9473059648,James.Sullivan@yahoo.com,770770,6166160,10-May-19,Medical sales representative,N,M,145603.975,582415.9,188354.1,69
67,Jeffrey,Sellers,Kevin Sellers,F,M,M,24-May-62,India,Y,ALMPS9386Z,046-80-0550,aadhaar,73,eight,55146 Jared Plaza Suite 630,East Nicole,72611,Maryland,India,39,271,9146600190,Jeffrey.Sellers@hotmail.com,1696958,15272622,10-May-19,Production assistant- radio,N,L,171851.6943,1202961.86,493996.14,57
68,Walter,Bruce Jr.,Tamara Bruce Jr.,S,M,S,17-May-89,India,Y,DEWPB3625G,266-38-3394,passport,68,car,282 James Flats Apt. 203,New Brianna,77524,Mississippi,India,94,203,9741818588,Walter.Bruce Jr.@hotmail.com,2466226,17263582,10-May-19,Designer- multimedia,N,L,245481.6314,1718371.42,747854.58,30
69,Dale,Harrison,Thomas Harrison,F,M,S,23-May-65,India,Y,AJOPH1754G,770-39-2553,bank statement,40,ready,921 Long Plains Apt. 776,Port Melindaside,31605,Nevada,India,59,229,9784355177,Dale.Harrison@yahoo.com,2811841,30930251,10-May-19,Engineer- site,N,L,324988.9117,1949933.47,861907.53,54
70,Tammy,Cruz,Jonathan Cruz,S,F,S,18-May-87,India,Y,EPRPC2684H,481-25-4170,aadhaar,28,activity,29433 Hardy Street,West Kevintown,42173,New Mexico,India,23,245,9626456241,Tammy.Cruz@hotmail.com,2793654,25142886,10-May-19,Dealer,Y,M,484437.045,1937748.18,855905.82,32
71,Edward,Williams,Sydney Williams,S,M,S,19-May-83,India,Y,ATGPW0897X,502-90-6960,voter id,5,challenge,406 Fisher Shores Suite 121,Lake Cherylville,47693,Washington,India,46,218,9896899065,Edward.Williams@yahoo.com,4346671,21733355,10-May-19,Psychologist- forensic,N,H,992756.5233,2978269.57,1368401.43,36
72,Andrew,Richardson,Robert Richardson,F,M,S,21-May-73,India,Y,EYLPR8523C,131-91-8075,aadhaar,56,add,02112 Jesse Via,Jillianton,20914,West Virginia,India,87,169,9464458276,Andrew.Richardson@gmail.com,2563807,7691421,10-May-19,IT sales professional,N,M,445937.6725,1783750.69,780056.31,46
73,Monica,Bolton,Scott Bolton,S,F,M,18-May-85,India,Y,CXRPB0792A,067-14-4643,passport,53,again,22776 James Meadow,West Lucasborough,24097,Alaska,India,44,213,9813423348,Monica.Bolton@yahoo.com,1188343,7130058,10-May-19,Haematologist,N,H,287396.6033,862189.81,326153.19,34
74,Daniel,Duke,Amy Duke,S,M,S,17-May-88,India,Y,EZUPD7986Q,199-19-1155,passport,36,oil,836 Johnson Ramp Apt. 146,New Shawnside,30079,North Dakota,India,79,137,9741264283,Daniel.Duke@yahoo.com,3617879,21707274,10-May-19,Software engineer,N,H,829992.9767,2489978.93,1127900.07,31
75,Justin,Scott,Daniel Scott,F,M,M,21-May-74,India,Y,DJJPS7206K,323-92-2536,voter id,25,within,038 Shirley Spurs Apt. 863,Christopherville,77925,Maryland,India,33,147,9074454313,Justin.Scott@hotmail.com,4658806,41929254,10-May-19,Commercial/residential surveyor,N,L,531233.3367,3187400.02,1471405.98,45
76,Jordan,Singh,Roger Singh,F,M,S,20-May-76,India,Y,BUMPS4135Q,455-49-0074,passport,74,such,0741 Shelby Plains Suite 161,West Loristad,3291,Montana,India,2,138,9135158589,Jordan.Singh@hotmail.com,74498,819478,10-May-19,Teacher- primary school,N,M,14899.6,74498,0,43
77,Danielle,Ferrell,James Ferrell,F,F,S,26-May-54,UK,N,,503-97-8249,bank statement,57,worry,699 Johnson Light,North Darlene,61762,Missouri,UK,21,144,9571812898,Danielle.Ferrell@gmail.com,4662887,46628870,10-May-19,Tax adviser,N,L,531689.0483,3190134.29,1472752.71,65
78,Laura,Campbell,Chad Campbell,F,F,M,21-May-73,France,N,,190-48-9527,voter id,24,environmental,87245 Burke Radial Apt. 651,North Zacharyport,1957,Massachusetts,France,43,110,9682634531,Laura.Campbell@gmail.com,285418,2854180,10-May-19,Veterinary surgeon,N,L,36747.15143,257230.06,28187.94,46
79,Jillian,Scott,Christopher Scott,F,F,M,24-May-61,France,N,,238-46-4425,bank statement,30,discuss,8637 Charles Lane,West Jasonton,93581,Indiana,France,31,137,9301958244,Jillian.Scott@yahoo.com,3244891,29204019,10-May-19,Materials engineer,N,M,560019.2425,2240076.97,1004814.03,58
80,Pamela,Moreno,Paul Moreno,F,F,S,20-May-79,India,Y,FUGPM6185Q,600-42-3934,passport,49,case,413 Nathan Islands,Floydtown,72581,Rhode Island,India,38,175,9578918648,Pamela.Moreno@yahoo.com,3445427,20672562,10-May-19,Doctor- general practice,N,M,593609.0225,2374436.09,1070990.91,40
81,Nicole,Oliver,Shane Oliver,S,F,S,23-May-65,India,Y,AQUPO7434C,055-28-5317,bank statement,24,cover,0472 Baker Springs Suite 095,East Kenneth,42632,Massachusetts,India,79,288,9267706216,Nicole.Oliver@gmail.com,2628257,18397799,10-May-19,Volunteer coordinator,N,L,304488.6983,1826932.19,801324.81,54
82,Amanda,Evans,Brian Evans,F,F,S,28-May-46,India,Y,EEEPE4273J,457-37-8136,passport,81,public,90207 Lisa Circle,Lake Nancychester,5488,New Hampshire,India,20,141,9039986376,Amanda.Evans@hotmail.com,4082446,44906906,10-May-19,Oceanographer,N,L,400176.9743,2801238.82,1281207.18,73
83,Jennifer,Ross,Franklin Ross,S,F,M,23-May-67,India,N,,070-67-9256,aadhaar,89,thing,016 Kim Walks Suite 141,Toddberg,77626,Virginia,India,78,148,9224546798,Jennifer.Ross@yahoo.com,2954183,20679281,10-May-19,Social research officer- government,N,M,409060.522,2045302.61,908880.39,52
84,Jordan,Rodriguez,Erik Rodriguez,F,M,M,26-May-53,India,Y,DYEPR5302S,220-89-5569,aadhaar,28,woman,905 James Underpass,Lake Aaronberg,99684,Nebraska,India,1,133,9824349051,Jordan.Rodriguez@gmail.com,2383875,19071000,10-May-19,Financial planner,N,L,237599.4643,1663196.25,720678.75,66
85,Erin,Horn,Benjamin Horn,F,F,S,21-May-72,India,Y,CDIPH4371F,162-10-7042,passport,62,reality,94068 Jackson Shore Apt. 700,Austinstad,63488,North Carolina,India,16,269,9618529117,Erin.Horn@yahoo.com,1292049,11628441,10-May-19,Records manager,N,L,133096.1186,931672.83,360376.17,47
86,Kevin,White,Daniel White,F,M,S,19-May-81,India,Y,FEFPW2408T,142-66-1285,aadhaar,64,everyone,520 Spencer Knolls,New Paul,19177,Louisiana,India,95,161,9794831032,Kevin.White@hotmail.com,1466506,5866024,10-May-19,Education administrator,Y,H,349519.6733,1048559.02,417946.98,38
87,Melinda,Sampson,Luis Sampson,S,F,S,18-May-87,India,Y,CCUPS3805G,521-49-5368,aadhaar,12,listen,164 Bates Club Suite 692,East Nicholas,3951,Illinois,India,93,185,9411179556,Melinda.Sampson@yahoo.com,2700547,27005470,10-May-19,Printmaker,N,M,375073.298,1875366.49,825180.51,32
88,Marvin,Vasquez,Adam Vasquez,F,M,S,25-May-58,US,N,,636-58-2220,passport,30,manage,273 Belinda Parkway Apt. 730,North Tonyaside,37731,Montana,US,2,103,9678875220,Marvin.Vasquez@yahoo.com,2505711,27562821,10-May-19,Geophysicist/field seismologist,N,L,290804.395,1744826.37,760884.63,61
89,Sarah,Johnson MD,Paul Johnson MD,F,F,S,29-May-42,India,N,,129-87-1205,passport,31,thus,6156 Juan Vista,Moyerton,92480,Indiana,India,1,233,9646283822,Sarah.Johnson MD@yahoo.com,2645128,29096408,10-May-19,Art therapist,Y,H,919117.88,1838235.76,806892.24,77
90,Tracy,Morris,Daniel Morris,S,F,S,20-May-79,US,N,,895-96-5011,bank statement,84,or,525 Brent Underpass Suite 265,New Mark,68795,Oregon,US,13,266,9107001166,Tracy.Morris@yahoo.com,2010416,16083328,10-May-19,Multimedia specialist,Y,L,201854.1029,1412978.72,597437.28,40
91,Sandra,Mcdonald,Timothy Mcdonald,F,F,M,29-May-40,India,Y,CFEPM1873L,553-96-4965,aadhaar,47,treatment,43692 Summer Throughway Apt. 856,Tinaview,69352,Kentucky,India,23,199,9344558465,Sandra.Mcdonald@gmail.com,3370612,13482448,10-May-19,Scientist- product/process development,N,L,332044.2914,2324310.04,1046301.96,79
92,Gregory,Miller,Ronnie Miller,F,M,M,23-May-67,India,N,,688-45-9377,bank statement,57,left,51422 Marilyn Plain Suite 325,Pittmanborough,91271,Florida,India,26,235,9565726176,Gregory.Miller@yahoo.com,3589727,39486997,10-May-19,Town planner,N,M,617779.2725,2471117.09,1118609.91,52
93,Zachary,Shepherd,Desiree Shepherd,S,M,M,25-May-57,India,Y,FLBPS1383C,344-39-9140,passport,71,nation,564 Jennifer Circles,Jensenfurt,55637,Delaware,India,14,170,9855672797,Zachary.Shepherd@hotmail.com,3311656,29804904,10-May-19,Fitness centre manager,N,M,456961.904,2284809.52,1026846.48,62
94,Jessica,Parker MD,Thomas Parker MD,F,F,S,26-May-53,India,Y,EMDPP4299L,792-54-8436,aadhaar,45,media,0371 Weaver Pine Apt. 254,Edwardsport,47079,Iowa,India,99,133,9449283454,Jessica.Parker MD@gmail.com,1331466,14646126,10-May-19,Learning mentor,N,L,159680.37,958082.22,373383.78,66
95,Jay,Nichols,Michael Nichols,F,M,S,19-May-82,India,Y,FBFPN4857C,755-50-4366,passport,11,on,41449 Harris Brook,West Becky,24028,Utah,India,77,119,9867958904,Jay.Nichols@hotmail.com,624690,6871590,10-May-19,Trade union research officer,N,M,121135.575,484542.3,140147.7,37
96,Brian,Parsons,Jesus Parsons,F,M,S,19-May-82,India,Y,CNGPP0622L,329-21-1358,bank statement,45,crime,766 Sarah Drive,East Christy,22210,Hawaii,India,19,270,9877318088,Brian.Parsons@hotmail.com,4899402,44094618,10-May-19,Lobbyist,N,H,1674299.67,3348599.34,1550802.66,37
97,Wendy,Sullivan,Shawn Sullivan,S,F,M,19-May-82,India,Y,DGYPS3542N,847-21-7671,bank statement,54,fear,665 Joshua Squares Suite 579,South Brianhaven,40329,Connecticut,India,29,197,9883456403,Wendy.Sullivan@yahoo.com,1573491,9440946,10-May-19,Medical physicist,N,M,224047.794,1120238.97,453252.03,37
98,Dana,Benjamin,Michael Benjamin,F,F,S,27-May-50,India,Y,FQMPB5603P,743-23-3530,bank statement,17,industry,238 Aguilar Cliff,Smithtown,38235,Kentucky,India,91,200,9339931019,Dana.Benjamin@yahoo.com,591369,2956845,10-May-19,Geochemist,N,M,115554.3075,462217.23,129151.77,69
99,Jose,Jackson,Michael Jackson,F,M,M,23-May-65,UK,N,,288-06-0620,bank statement,75,sound,425 Mary Loaf Suite 215,Lake Michaelberg,42843,California,UK,72,236,9466713936,Jose.Jackson@hotmail.com,1045058,3135174,10-May-19,Further education lecturer,N,L,127698.1433,766188.86,278869.14,54
100,Michelle,Saunders,Jacob Saunders,F,F,M,19-May-81,India,Y,FOTPS1376Q,847-54-1948,passport,47,back,54913 Megan View Suite 159,Simmonsmouth,69536,Idaho,India,4,240,9687521741,Michelle.Saunders@gmail.com,4200048,42000480,10-May-19,Health and safety inspector,N,H,960010.72,2880032.16,1320015.84,38
