 ,Email ,Address ,Avatar ,Avg. Session Length ,Time on App ,Time on Website ,Length of Membership ,Yearly Amount Spent
0,mstephenson@fernandez.com ,"835 Frank Tunnel\nWrightmouth, MI 82180-9605 ",Violet ,34.497268,12.655651,39.577668,4.082621,587.951054
1,hduke@hotmail.com ,"4547 Archer Common\nDiazchester, CA 06566-8576 ",DarkGreen ,31.926272,11.109461,37.268959,2.664034,392.204933
2,pallen@yahoo.com ,"24645 Valerie Unions Suite 582\nCobbborough, D... ",Bisque ,33.000915,11.330278,37.110597,4.104543,487.547505
3,riverarebecca@gmail.com ,"1414 David Throughway\nPort Jason, OH 22070-1220 ",SaddleBrown ,34.305557,13.717514,36.721283,3.120179,581.852344
4,mstephens@davidson-herman.com ,"14023 Rodriguez Passage\nPort Jacobville, PR 3... ",MediumAquaMarine ,33.330673,12.795189,37.536653,4.446308,599.406092
5,mstephenson@fernandez.com ,"835 Frank Tunnel\nWrightmouth, MI 82180-9605 ",Violet ,26.502454,17.536441,28.660809,3.690164,405.503838
6,hduke@hotmail.com ,"4547 Archer Common\nDiazchester, CA 06566-8576 ",DarkGreen ,31.957372,9.557711,35.199569,4.226270,278.447740
7,pallen@yahoo.com ,"24645 Valerie Unions Suite 582\nCobbborough, D... ",Bisque ,30.358212,15.741043,34.592939,4.799099,554.070936
8,riverarebecca@gmail.com ,"1414 David Throughway\nPort Jason, OH 22070-1220 ",SaddleBrown ,26.648207,9.938608,28.146304,3.737545,459.009645
9,mstephens@davidson-herman.com ,"14023 Rodriguez Passage\nPort Jacobville, PR 3... ",MediumAquaMarine ,24.023799,14.923255,31.464023,3.928398,586.047113
10,mstephenson@fernandez.com ,"835 Frank Tunnel\nWrightmouth, MI 82180-9605 ",Violet ,35.570374,9.006999,33.722337,2.330712,355.692919
11,hduke@hotmail.com ,"4547 Archer Common\nDiazchester, CA 06566-8576 ",DarkGreen ,33.009338,9.348185,32.900347,3.708502,528.725309
12,pallen@yahoo.com ,"24645 Valerie Unions Suite 582\nCobbborough, D... ",Bisque ,30.134531,10.710694,40.428267,4.129357,465.651078
13,riverarebecca@gmail.com ,"1414 David Throughway\nPort Jason, OH 22070-1220 ",SaddleBrown ,26.538604,11.658711,27.884831,2.595198,535.786626
14,mstephens@davidson-herman.com ,"14023 Rodriguez Passage\nPort Jacobville, PR 3... ",MediumAquaMarine ,23.506700,10.087685,30.949810,3.632964,331.483665
15,mstephenson@fernandez.com ,"835 Frank Tunnel\nWrightmouth, MI 82180-9605 ",Violet ,28.513047,9.195859,34.339526,3.563816,485.326968
16,hduke@hotmail.com ,"4547 Archer Common\nDiazchester, CA 06566-8576 ",DarkGreen ,27.444649,12.235378,39.197210,3.546890,616.976972
17,pallen@yahoo.com ,"24645 Valerie Unions Suite 582\nCobbborough, D... ",Bisque ,34.229467,11.156379,24.049863,4.186088,493.333791
18,riverarebecca@gmail.com ,"1414 David Throughway\nPort Jason, OH 22070-1220 ",SaddleBrown ,28.106826,14.792557,27.996634,5.150398,405.782007
19,mstephens@davidson-herman.com ,"14023 Rodriguez Passage\nPort Jacobville, PR 3... ",MediumAquaMarine ,36.075634,18.619249,26.606979,4.633330,512.011902
20,mstephenson@fernandez.com ,"835 Frank Tunnel\nWrightmouth, MI 82180-9605 ",Violet ,29.452053,11.312517,26.177056,4.105356,517.828125
21,hduke@hotmail.com ,"4547 Archer Common\nDiazchester, CA 06566-8576 ",DarkGreen ,32.582228,15.753873,27.754298,4.797253,712.262463
22,pallen@yahoo.com ,"24645 Valerie Unions Suite 582\nCobbborough, D... ",Bisque ,33.766670,8.512348,23.235214,2.636617,513.793236
23,riverarebecca@gmail.com ,"1414 David Throughway\nPort Jason, OH 22070-1220 ",SaddleBrown ,35.588306,11.206804,36.581738,4.111199,540.203499
24,mstephens@davidson-herman.com ,"14023 Rodriguez Passage\nPort Jacobville, PR 3... ",MediumAquaMarine ,34.828571,11.380121,30.675684,5.581314,679.706411
25,mstephenson@fernandez.com ,"835 Frank Tunnel\nWrightmouth, MI 82180-9605 ",Violet ,25.837097,12.889649,28.670124,4.772000,502.499791
26,hduke@hotmail.com ,"4547 Archer Common\nDiazchester, CA 06566-8576 ",DarkGreen ,24.831597,12.153255,25.636576,3.330342,360.526401
27,pallen@yahoo.com ,"24645 Valerie Unions Suite 582\nCobbborough, D... ",Bisque ,29.872369,8.201243,29.525709,4.011184,300.944745
28,riverarebecca@gmail.com ,"1414 David Throughway\nPort Jason, OH 22070-1220 ",SaddleBrown ,30.230115,16.233920,26.994743,3.924170,576.813240
29,mstephens@davidson-herman.com ,"14023 Rodriguez Passage\nPort Jacobville, PR 3... ",MediumAquaMarine ,26.150768,12.900208,29.426329,4.696950,690.770690
30,mstephenson@fernandez.com ,"835 Frank Tunnel\nWrightmouth, MI 82180-9605 ",Violet ,32.636834,15.463979,35.556536,3.877102,446.945621
31,hduke@hotmail.com ,"4547 Archer Common\nDiazchester, CA 06566-8576 ",DarkGreen ,30.358527,15.030984,39.768152,3.800597,326.839000
32,pallen@yahoo.com ,"24645 Valerie Unions Suite 582\nCobbborough, D... ",Bisque ,30.248878,8.130372,39.442041,5.248862,367.781846
33,riverarebecca@gmail.com ,"1414 David Throughway\nPort Jason, OH 22070-1220 ",SaddleBrown ,28.826119,16.375984,29.435856,5.811276,550.753377
34,mstephens@davidson-herman.com ,"14023 Rodriguez Passage\nPort Jacobville, PR 3... ",MediumAquaMarine ,22.138509,17.247682,38.116343,3.169263,606.642120
35,mstephenson@fernandez.com ,"835 Frank Tunnel\nWrightmouth, MI 82180-9605 ",Violet ,37.765185,13.732099,24.422418,5.279329,424.823815
36,hduke@hotmail.com ,"4547 Archer Common\nDiazchester, CA 06566-8576 ",DarkGreen ,26.730315,13.020974,23.247249,4.860470,416.198100
37,pallen@yahoo.com ,"24645 Valerie Unions Suite 582\nCobbborough, D... ",Bisque ,25.391113,10.337961,25.433392,4.442750,624.014860
38,riverarebecca@gmail.com ,"1414 David Throughway\nPort Jason, OH 22070-1220 ",SaddleBrown ,28.183129,16.851085,30.179160,4.404815,670.185664
39,mstephens@davidson-herman.com ,"14023 Rodriguez Passage\nPort Jacobville, PR 3... ",MediumAquaMarine ,30.327322,16.961799,29.467256,3.973275,384.923239
40,mstephenson@fernandez.com ,"835 Frank Tunnel\nWrightmouth, MI 82180-9605 ",Violet ,32.074425,13.616035,30.216312,4.592162,418.619446
41,hduke@hotmail.com ,"4547 Archer Common\nDiazchester, CA 06566-8576 ",DarkGreen ,31.779099,12.164880,31.221075,2.975017,663.128339
42,pallen@yahoo.com ,"24645 Valerie Unions Suite 582\nCobbborough, D... ",Bisque ,32.654625,16.283280,27.343064,3.343604,448.950543
43,riverarebecca@gmail.com ,"1414 David Throughway\nPort Jason, OH 22070-1220 ",SaddleBrown ,35.296151,10.599867,32.321346,4.237245,614.612061
44,mstephens@davidson-herman.com ,"14023 Rodriguez Passage\nPort Jacobville, PR 3... ",MediumAquaMarine ,33.032367,10.171956,36.293005,5.365734,671.085930
45,mstephenson@fernandez.com ,"835 Frank Tunnel\nWrightmouth, MI 82180-9605 ",Violet ,27.788516,9.483614,39.971002,2.299922,365.937088
46,hduke@hotmail.com ,"4547 Archer Common\nDiazchester, CA 06566-8576 ",DarkGreen ,27.700670,18.686459,25.091751,3.108995,441.219918
47,pallen@yahoo.com ,"24645 Valerie Unions Suite 582\nCobbborough, D... ",Bisque ,29.413685,15.164361,34.765058,3.417981,778.819522
48,riverarebecca@gmail.com ,"1414 David Throughway\nPort Jason, OH 22070-1220 ",SaddleBrown ,24.738226,14.809617,31.493521,3.709957,487.128895
49,mstephens@davidson-herman.com ,"14023 Rodriguez Passage\nPort Jacobville, PR 3... ",MediumAquaMarine ,33.029388,12.597299,36.130946,3.973867,571.879918
50,mstephenson@fernandez.com ,"835 Frank Tunnel\nWrightmouth, MI 82180-9605 ",Violet ,23.534948,16.092834,31.219621,2.660050,401.452110
51,hduke@hotmail.com ,"4547 Archer Common\nDiazchester, CA 06566-8576 ",DarkGreen ,27.432728,16.771687,29.841207,4.266331,694.944417
52,pallen@yahoo.com ,"24645 Valerie Unions Suite 582\nCobbborough, D... ",Bisque ,21.128732,11.728106,31.986800,5.140913,527.915676
53,riverarebecca@gmail.com ,"1414 David Throughway\nPort Jason, OH 22070-1220 ",SaddleBrown ,26.629593,12.324156,37.626283,3.638533,388.761454
54,mstephens@davidson-herman.com ,"14023 Rodriguez Passage\nPort Jacobville, PR 3... ",MediumAquaMarine ,23.063879,12.433656,23.962049,4.581411,313.198189
55,mstephenson@fernandez.com ,"835 Frank Tunnel\nWrightmouth, MI 82180-9605 ",Violet ,35.266852,11.903167,38.418806,3.277004,550.591540
56,hduke@hotmail.com ,"4547 Archer Common\nDiazchester, CA 06566-8576 ",DarkGreen ,30.637344,15.573393,33.850068,5.131910,503.636573
57,pallen@yahoo.com ,"24645 Valerie Unions Suite 582\nCobbborough, D... ",Bisque ,28.198776,8.970309,39.473845,3.772378,495.016419
58,riverarebecca@gmail.com ,"1414 David Throughway\nPort Jason, OH 22070-1220 ",SaddleBrown ,31.495731,13.736494,29.675567,3.691155,691.654036
59,mstephens@davidson-herman.com ,"14023 Rodriguez Passage\nPort Jacobville, PR 3... ",MediumAquaMarine ,28.448498,11.112477,40.249666,4.443726,636.139695
60,mstephenson@fernandez.com ,"835 Frank Tunnel\nWrightmouth, MI 82180-9605 ",Violet ,22.597707,16.250679,33.272015,2.770653,397.687634
61,hduke@hotmail.com ,"4547 Archer Common\nDiazchester, CA 06566-8576 ",DarkGreen ,32.079039,12.504413,39.567405,4.426395,658.205623
62,pallen@yahoo.com ,"24645 Valerie Unions Suite 582\nCobbborough, D... ",Bisque ,32.172091,16.288005,37.004884,4.049485,323.703059
63,riverarebecca@gmail.com ,"1414 David Throughway\nPort Jason, OH 22070-1220 ",SaddleBrown ,29.255496,13.416784,29.584751,4.198548,598.013146
64,mstephens@davidson-herman.com ,"14023 Rodriguez Passage\nPort Jacobville, PR 3... ",MediumAquaMarine ,20.856702,15.381502,25.752430,3.647065,642.544417
65,mstephenson@fernandez.com ,"835 Frank Tunnel\nWrightmouth, MI 82180-9605 ",Violet ,30.837886,13.221789,32.648909,3.480321,295.318394
66,hduke@hotmail.com ,"4547 Archer Common\nDiazchester, CA 06566-8576 ",DarkGreen ,27.657034,16.177657,25.205239,3.112297,544.789171
67,pallen@yahoo.com ,"24645 Valerie Unions Suite 582\nCobbborough, D... ",Bisque ,28.949870,16.824064,32.307230,2.807192,417.947635
68,riverarebecca@gmail.com ,"1414 David Throughway\nPort Jason, OH 22070-1220 ",SaddleBrown ,29.953064,9.699507,37.750347,5.181415,373.874466
69,mstephens@davidson-herman.com ,"14023 Rodriguez Passage\nPort Jacobville, PR 3... ",MediumAquaMarine ,24.507268,15.629802,29.060828,3.793389,594.940960
70,mstephenson@fernandez.com ,"835 Frank Tunnel\nWrightmouth, MI 82180-9605 ",Violet ,32.666231,8.127901,39.777605,3.062445,474.586132
71,hduke@hotmail.com ,"4547 Archer Common\nDiazchester, CA 06566-8576 ",DarkGreen ,27.801433,9.716140,33.048202,3.657248,367.842719
72,pallen@yahoo.com ,"24645 Valerie Unions Suite 582\nCobbborough, D... ",Bisque ,25.455136,17.065914,28.862164,4.576158,549.136272
73,riverarebecca@gmail.com ,"1414 David Throughway\nPort Jason, OH 22070-1220 ",SaddleBrown ,37.763307,15.535563,31.221825,4.448844,565.961082
74,mstephens@davidson-herman.com ,"14023 Rodriguez Passage\nPort Jacobville, PR 3... ",MediumAquaMarine ,30.560751,12.532841,34.977943,4.583236,524.413993
75,mstephenson@fernandez.com ,"835 Frank Tunnel\nWrightmouth, MI 82180-9605 ",Violet ,29.723659,12.537195,32.128774,2.940455,350.992334
76,hduke@hotmail.com ,"4547 Archer Common\nDiazchester, CA 06566-8576 ",DarkGreen ,21.346095,11.154450,33.874923,3.934934,662.577242
77,pallen@yahoo.com ,"24645 Valerie Unions Suite 582\nCobbborough, D... ",Bisque ,37.431167,12.283982,33.232758,3.370048,407.915841
78,riverarebecca@gmail.com ,"1414 David Throughway\nPort Jason, OH 22070-1220 ",SaddleBrown ,24.728270,15.451686,27.415098,3.300545,587.037812
79,mstephens@davidson-herman.com ,"14023 Rodriguez Passage\nPort Jacobville, PR 3... ",MediumAquaMarine ,27.980408,15.658216,40.740772,4.811469,514.928279
80,mstephenson@fernandez.com ,"835 Frank Tunnel\nWrightmouth, MI 82180-9605 ",Violet ,28.004659,7.547141,37.631588,3.810352,504.595631
81,hduke@hotmail.com ,"4547 Archer Common\nDiazchester, CA 06566-8576 ",DarkGreen ,27.165956,9.534194,30.117936,4.698690,626.939998
82,pallen@yahoo.com ,"24645 Valerie Unions Suite 582\nCobbborough, D... ",Bisque ,29.884471,9.991900,35.929804,4.415428,639.045723
83,riverarebecca@gmail.com ,"1414 David Throughway\nPort Jason, OH 22070-1220 ",SaddleBrown ,27.215503,13.117948,40.750769,5.565602,708.166145
84,mstephens@davidson-herman.com ,"14023 Rodriguez Passage\nPort Jacobville, PR 3... ",MediumAquaMarine ,28.094187,16.349568,28.092976,3.817831,732.654808
85,mstephenson@fernandez.com ,"835 Frank Tunnel\nWrightmouth, MI 82180-9605 ",Violet ,25.859636,15.759699,35.158077,3.896387,416.499311
86,hduke@hotmail.com ,"4547 Archer Common\nDiazchester, CA 06566-8576 ",DarkGreen ,29.889278,11.749616,38.518989,4.008971,330.330200
87,pallen@yahoo.com ,"24645 Valerie Unions Suite 582\nCobbborough, D... ",Bisque ,36.270625,14.344285,33.083659,4.035859,307.793651
88,riverarebecca@gmail.com ,"1414 David Throughway\nPort Jason, OH 22070-1220 ",SaddleBrown ,22.641636,13.936881,29.996806,3.543866,468.072066
89,mstephens@davidson-herman.com ,"14023 Rodriguez Passage\nPort Jacobville, PR 3... ",MediumAquaMarine ,27.712565,17.474121,34.797310,3.161505,602.245935
90,mstephenson@fernandez.com ,"835 Frank Tunnel\nWrightmouth, MI 82180-9605 ",Violet ,27.761569,14.013154,36.742067,4.413063,375.767937
91,hduke@hotmail.com ,"4547 Archer Common\nDiazchester, CA 06566-8576 ",DarkGreen ,26.890851,9.718748,38.274607,3.562437,448.955933
92,pallen@yahoo.com ,"24645 Valerie Unions Suite 582\nCobbborough, D... ",Bisque ,35.623675,12.926954,37.618257,4.031075,375.513449
93,riverarebecca@gmail.com ,"1414 David Throughway\nPort Jason, OH 22070-1220 ",SaddleBrown ,31.287447,10.320094,37.938689,5.080517,580.151592
94,mstephens@davidson-herman.com ,"14023 Rodriguez Passage\nPort Jacobville, PR 3... ",MediumAquaMarine ,22.692548,8.648791,32.064943,3.093627,391.980972
95,mstephenson@fernandez.com ,"835 Frank Tunnel\nWrightmouth, MI 82180-9605 ",Violet ,28.189093,14.478621,32.287628,3.981347,514.445365
96,hduke@hotmail.com ,"4547 Archer Common\nDiazchester, CA 06566-8576 ",DarkGreen ,30.461796,14.640794,25.850434,2.689502,531.491094
97,pallen@yahoo.com ,"24645 Valerie Unions Suite 582\nCobbborough, D... ",Bisque ,25.084011,13.698443,36.047008,3.720712,435.359744
98,riverarebecca@gmail.com ,"1414 David Throughway\nPort Jason, OH 22070-1220 ",SaddleBrown ,30.230696,12.278264,40.502044,3.626179,586.373142
99,mstephens@davidson-herman.com ,"14023 Rodriguez Passage\nPort Jacobville, PR 3... ",MediumAquaMarine ,30.406546,12.722570,30.732359,5.075908,687.666294
100,mstephenson@fernandez.com ,"835 Frank Tunnel\nWrightmouth, MI 82180-9605 ",Violet ,23.193143,11.018124,38.647326,5.444098,572.396322
101,hduke@hotmail.com ,"4547 Archer Common\nDiazchester, CA 06566-8576 ",DarkGreen ,28.945702,8.792950,29.973584,3.184661,373.244093
102,pallen@yahoo.com ,"24645 Valerie Unions Suite 582\nCobbborough, D... ",Bisque ,26.292307,11.499236,32.359588,2.940698,476.344257
103,riverarebecca@gmail.com ,"1414 David Throughway\nPort Jason, OH 22070-1220 ",SaddleBrown ,29.949358,16.032212,36.668592,3.595306,527.022716
104,mstephens@davidson-herman.com ,"14023 Rodriguez Passage\nPort Jacobville, PR 3... ",MediumAquaMarine ,32.694299,11.318927,25.322159,3.107058,567.708298
105,mstephenson@fernandez.com ,"835 Frank Tunnel\nWrightmouth, MI 82180-9605 ",Violet ,29.052106,14.475702,34.303803,3.384345,266.840865
106,hduke@hotmail.com ,"4547 Archer Common\nDiazchester, CA 06566-8576 ",DarkGreen ,26.991251,18.020509,33.793386,2.849418,547.479653
107,pallen@yahoo.com ,"24645 Valerie Unions Suite 582\nCobbborough, D... ",Bisque ,34.441428,7.516380,29.108129,3.854151,569.795883
108,riverarebecca@gmail.com ,"1414 David Throughway\nPort Jason, OH 22070-1220 ",SaddleBrown ,30.485623,17.109751,35.651720,4.025994,454.070367
109,mstephens@davidson-herman.com ,"14023 Rodriguez Passage\nPort Jacobville, PR 3... ",MediumAquaMarine ,29.002082,14.451013,26.782380,4.806891,482.682736
110,mstephenson@fernandez.com ,"835 Frank Tunnel\nWrightmouth, MI 82180-9605 ",Violet ,22.717861,14.536348,32.509570,4.346107,494.573493
111,hduke@hotmail.com ,"4547 Archer Common\nDiazchester, CA 06566-8576 ",DarkGreen ,27.057506,11.771504,38.960360,4.323855,522.404952
112,pallen@yahoo.com ,"24645 Valerie Unions Suite 582\nCobbborough, D... ",Bisque ,28.282027,15.572762,38.675575,3.317350,412.524498
113,riverarebecca@gmail.com ,"1414 David Throughway\nPort Jason, OH 22070-1220 ",SaddleBrown ,21.369001,15.564853,36.944854,3.027165,527.675452
114,mstephens@davidson-herman.com ,"14023 Rodriguez Passage\nPort Jacobville, PR 3... ",MediumAquaMarine ,26.242982,9.351257,38.856415,2.743571,713.324487
115,mstephenson@fernandez.com ,"835 Frank Tunnel\nWrightmouth, MI 82180-9605 ",Violet ,21.514232,17.440754,33.308712,3.608014,498.246748
116,hduke@hotmail.com ,"4547 Archer Common\nDiazchester, CA 06566-8576 ",DarkGreen ,26.800374,8.888117,38.284165,3.200697,488.680412
117,pallen@yahoo.com ,"24645 Valerie Unions Suite 582\nCobbborough, D... ",Bisque ,34.981084,13.835451,28.684424,4.830964,631.802631
118,riverarebecca@gmail.com ,"1414 David Throughway\nPort Jason, OH 22070-1220 ",SaddleBrown ,28.351590,7.117675,34.329455,3.385035,514.865809
119,mstephens@davidson-herman.com ,"14023 Rodriguez Passage\nPort Jacobville, PR 3... ",MediumAquaMarine ,30.312174,13.430760,26.523236,4.150086,295.771664
120,mstephenson@fernandez.com ,"835 Frank Tunnel\nWrightmouth, MI 82180-9605 ",Violet ,25.535213,13.517751,31.262913,4.991185,561.278021
121,hduke@hotmail.com ,"4547 Archer Common\nDiazchester, CA 06566-8576 ",DarkGreen ,36.819200,11.566508,37.584061,3.473363,499.766842
122,pallen@yahoo.com ,"24645 Valerie Unions Suite 582\nCobbborough, D... ",Bisque ,23.277943,14.746621,33.651394,3.590366,550.715879
123,riverarebecca@gmail.com ,"1414 David Throughway\nPort Jason, OH 22070-1220 ",SaddleBrown ,31.119326,12.987271,31.458086,3.776338,658.422099
124,mstephens@davidson-herman.com ,"14023 Rodriguez Passage\nPort Jacobville, PR 3... ",MediumAquaMarine ,27.112119,11.437753,33.438806,5.291517,370.404978
125,mstephenson@fernandez.com ,"835 Frank Tunnel\nWrightmouth, MI 82180-9605 ",Violet ,27.249640,12.224809,29.230685,3.577377,615.513256
126,hduke@hotmail.com ,"4547 Archer Common\nDiazchester, CA 06566-8576 ",DarkGreen ,31.022225,14.177588,37.122892,4.783930,592.054697
127,pallen@yahoo.com ,"24645 Valerie Unions Suite 582\nCobbborough, D... ",Bisque ,25.837875,14.679609,36.249493,3.935623,610.235768
128,riverarebecca@gmail.com ,"1414 David Throughway\nPort Jason, OH 22070-1220 ",SaddleBrown ,25.991476,16.729663,38.921245,4.679285,351.047132
129,mstephens@davidson-herman.com ,"14023 Rodriguez Passage\nPort Jacobville, PR 3... ",MediumAquaMarine ,33.483612,15.736881,39.613341,4.009379,615.681509
130,,,,23.772543,17.049549,29.817643,3.250527,654.729803
131,,,,21.459479,15.106671,31.079415,5.028089,541.978552
132,,,,34.484654,12.502678,24.841186,4.083404,316.625883
133,,,,25.246535,15.443994,31.835564,5.341930,482.229067
134,,,,29.700299,11.544828,32.119146,3.011585,436.374388
135,,,,31.350244,17.623615,33.100036,3.285540,512.455304
136,,,,26.490335,11.904790,23.515850,3.786203,377.570444
137,,,,28.650244,16.453237,34.916193,4.058214,486.063949
138,,,,28.407338,8.819189,33.460716,2.746954,379.201570
139,,,,30.175177,9.194299,31.662405,4.039164,473.686145
140,mstephenson@fernandez.com ,"835 Frank Tunnel\nWrightmouth, MI 82180-9605 ",Violet ,24.754234,7.241171,37.574144,5.271882,421.877438
141,hduke@hotmail.com ,"4547 Archer Common\nDiazchester, CA 06566-8576 ",DarkGreen ,31.658962,12.581508,31.982588,5.036690,649.101770
142,pallen@yahoo.com ,"24645 Valerie Unions Suite 582\nCobbborough, D... ",Bisque ,27.165406,10.481059,40.566184,3.424427,639.590211
143,riverarebecca@gmail.com ,"1414 David Throughway\nPort Jason, OH 22070-1220 ",SaddleBrown ,30.928944,12.568802,35.221623,2.855581,390.507635
144,mstephens@davidson-herman.com ,"14023 Rodriguez Passage\nPort Jacobville, PR 3... ",MediumAquaMarine ,31.864931,11.087197,35.383513,3.553371,541.594632
145,mstephenson@fernandez.com ,"835 Frank Tunnel\nWrightmouth, MI 82180-9605 ",Violet ,22.304294,17.379130,39.556969,4.292519,331.950872
146,hduke@hotmail.com ,"4547 Archer Common\nDiazchester, CA 06566-8576 ",DarkGreen ,20.345011,17.178453,36.255110,4.599605,449.406018
147,pallen@yahoo.com ,"24645 Valerie Unions Suite 582\nCobbborough, D... ",Bisque ,25.692601,10.564664,40.494442,3.540607,606.346013
148,riverarebecca@gmail.com ,"1414 David Throughway\nPort Jason, OH 22070-1220 ",SaddleBrown ,28.391800,8.810875,36.836522,4.472404,535.187170
149,mstephens@davidson-herman.com ,"14023 Rodriguez Passage\nPort Jacobville, PR 3... ",MediumAquaMarine ,27.919366,12.190397,40.963298,3.505631,548.069217
150,mstephenson@fernandez.com ,"835 Frank Tunnel\nWrightmouth, MI 82180-9605 ",Violet ,24.639374,9.161677,35.728901,3.101283,502.862709
151,hduke@hotmail.com ,"4547 Archer Common\nDiazchester, CA 06566-8576 ",DarkGreen ,26.457860,15.678264,39.429564,5.332076,619.011370
152,pallen@yahoo.com ,"24645 Valerie Unions Suite 582\nCobbborough, D... ",Bisque ,33.431498,11.308454,36.063797,3.238802,500.116624
153,riverarebecca@gmail.com ,"1414 David Throughway\nPort Jason, OH 22070-1220 ",SaddleBrown ,30.189527,8.198782,29.691124,2.644268,533.837468
154,mstephens@davidson-herman.com ,"14023 Rodriguez Passage\nPort Jacobville, PR 3... ",MediumAquaMarine ,33.047686,16.405028,31.537317,4.777550,513.332189
155,mstephenson@fernandez.com ,"835 Frank Tunnel\nWrightmouth, MI 82180-9605 ",Violet ,30.631600,8.499699,38.582633,3.936325,487.137012
156,hduke@hotmail.com ,"4547 Archer Common\nDiazchester, CA 06566-8576 ",DarkGreen ,36.397146,11.218441,28.539815,3.026820,556.147007
157,pallen@yahoo.com ,"24645 Valerie Unions Suite 582\nCobbborough, D... ",Bisque ,29.568885,12.962710,29.806818,4.472840,518.435093
158,riverarebecca@gmail.com ,"1414 David Throughway\nPort Jason, OH 22070-1220 ",SaddleBrown ,30.081052,8.584816,24.468729,5.122896,475.539081
159,mstephens@davidson-herman.com ,"14023 Rodriguez Passage\nPort Jacobville, PR 3... ",MediumAquaMarine ,27.310514,16.748680,37.966681,4.808712,386.553667
160,mstephenson@fernandez.com ,"835 Frank Tunnel\nWrightmouth, MI 82180-9605 ",Violet ,31.499914,10.365711,30.630547,4.147771,254.620776
161,hduke@hotmail.com ,"4547 Archer Common\nDiazchester, CA 06566-8576 ",DarkGreen ,32.843655,13.751692,39.161622,3.661422,634.409649
162,pallen@yahoo.com ,"24645 Valerie Unions Suite 582\nCobbborough, D... ",Bisque ,28.562522,13.629921,40.042051,5.848627,527.708529
163,riverarebecca@gmail.com ,"1414 David Throughway\nPort Jason, OH 22070-1220 ",SaddleBrown ,28.185177,17.099435,35.211084,3.262355,375.620846
164,mstephens@davidson-herman.com ,"14023 Rodriguez Passage\nPort Jacobville, PR 3... ",MediumAquaMarine ,21.837692,12.347989,34.576010,3.946154,368.869056
165,mstephenson@fernandez.com ,"835 Frank Tunnel\nWrightmouth, MI 82180-9605 ",Violet ,33.877165,9.266018,39.563641,3.841590,488.979552
166,hduke@hotmail.com ,"4547 Archer Common\nDiazchester, CA 06566-8576 ",DarkGreen ,34.763551,12.155218,27.374195,4.637717,492.428307
167,pallen@yahoo.com ,"24645 Valerie Unions Suite 582\nCobbborough, D... ",Bisque ,27.632693,12.536180,34.731353,4.334883,385.548058
168,riverarebecca@gmail.com ,"1414 David Throughway\nPort Jason, OH 22070-1220 ",SaddleBrown ,29.107243,12.070595,40.098978,2.359591,619.845043
169,mstephens@davidson-herman.com ,"14023 Rodriguez Passage\nPort Jacobville, PR 3... ",MediumAquaMarine ,29.269861,11.514421,37.102090,3.707234,334.216986
170,mstephenson@fernandez.com ,"835 Frank Tunnel\nWrightmouth, MI 82180-9605 ",Violet ,24.877633,11.287025,36.339130,5.509333,378.520534
171,hduke@hotmail.com ,"4547 Archer Common\nDiazchester, CA 06566-8576 ",DarkGreen ,28.104518,15.146897,37.924626,4.072899,526.890354
172,pallen@yahoo.com ,"24645 Valerie Unions Suite 582\nCobbborough, D... ",Bisque ,35.645350,12.595177,30.279338,4.037771,675.121043
173,riverarebecca@gmail.com ,"1414 David Throughway\nPort Jason, OH 22070-1220 ",SaddleBrown ,25.580025,13.145660,26.482153,4.097526,445.315008
174,mstephens@davidson-herman.com ,"14023 Rodriguez Passage\nPort Jacobville, PR 3... ",MediumAquaMarine ,36.033428,12.715405,29.597204,4.810756,533.518029
175,mstephenson@fernandez.com ,"835 Frank Tunnel\nWrightmouth, MI 82180-9605 ",Violet ,32.798708,14.249118,26.561721,5.628044,418.646907
176,hduke@hotmail.com ,"4547 Archer Common\nDiazchester, CA 06566-8576 ",DarkGreen ,33.077150,13.860047,29.933363,3.690300,666.676272
177,pallen@yahoo.com ,"24645 Valerie Unions Suite 582\nCobbborough, D... ",Bisque ,26.526462,18.398070,32.379276,2.918784,366.811464
178,riverarebecca@gmail.com ,"1414 David Throughway\nPort Jason, OH 22070-1220 ",SaddleBrown ,33.095242,11.483267,27.435116,5.371416,563.261901
179,mstephens@davidson-herman.com ,"14023 Rodriguez Passage\nPort Jacobville, PR 3... ",MediumAquaMarine ,24.136548,16.366465,28.660312,4.969457,519.338808
180,hduke@hotmail.com ,"4547 Archer Common\nDiazchester, CA 06566-8576 ",DarkGreen ,28.255352,9.169028,36.979447,4.241559,526.329110
181,pallen@yahoo.com ,"24645 Valerie Unions Suite 582\nCobbborough, D... ",Bisque ,25.581624,16.311377,26.607056,3.817037,341.251301
182,riverarebecca@gmail.com ,"1414 David Throughway\nPort Jason, OH 22070-1220 ",SaddleBrown ,32.125444,9.620951,40.955387,5.023571,579.634826
183,mstephens@davidson-herman.com ,"14023 Rodriguez Passage\nPort Jacobville, PR 3... ",MediumAquaMarine ,23.726975,11.130006,28.321438,4.183470,511.756044
184,mstephenson@fernandez.com ,"835 Frank Tunnel\nWrightmouth, MI 82180-9605 ",Violet ,21.824233,9.012521,41.844263,2.473187,247.328975
185,hduke@hotmail.com ,"4547 Archer Common\nDiazchester, CA 06566-8576 ",DarkGreen ,34.224864,16.221635,27.547370,5.202008,509.535078
186,pallen@yahoo.com ,"24645 Valerie Unions Suite 582\nCobbborough, D... ",Bisque ,23.368775,7.889393,36.626900,3.699241,676.864625
187,riverarebecca@gmail.com ,"1414 David Throughway\nPort Jason, OH 22070-1220 ",SaddleBrown ,27.377228,18.232250,30.930059,3.033479,354.223790
188,mstephens@davidson-herman.com ,"14023 Rodriguez Passage\nPort Jacobville, PR 3... ",MediumAquaMarine ,31.657487,15.627714,33.553642,2.649925,552.799013
189,hduke@hotmail.com ,"4547 Archer Common\nDiazchester, CA 06566-8576 ",DarkGreen ,34.869902,10.883468,36.001000,2.731161,483.716554
190,pallen@yahoo.com ,"24645 Valerie Unions Suite 582\nCobbborough, D... ",Bisque ,29.960056,13.781043,37.865670,4.249848,705.916291
191,riverarebecca@gmail.com ,"1414 David Throughway\nPort Jason, OH 22070-1220 ",SaddleBrown ,32.549808,9.568984,35.993748,4.398283,709.319862
192,mstephens@davidson-herman.com ,"14023 Rodriguez Passage\nPort Jacobville, PR 3... ",MediumAquaMarine ,24.042652,9.114508,40.795925,2.830177,687.208982
193,mstephenson@fernandez.com ,"835 Frank Tunnel\nWrightmouth, MI 82180-9605 ",Violet ,37.820612,10.625449,30.199941,5.365148,537.922114
194,hduke@hotmail.com ,"4547 Archer Common\nDiazchester, CA 06566-8576 ",DarkGreen ,26.935475,17.940992,28.973791,4.406686,503.954638
195,pallen@yahoo.com ,"24645 Valerie Unions Suite 582\nCobbborough, D... ",Bisque ,27.307273,14.325252,35.939016,3.276534,576.706621
196,riverarebecca@gmail.com ,"1414 David Throughway\nPort Jason, OH 22070-1220 ",SaddleBrown ,28.841509,9.251995,33.373060,3.696041,460.104233
197,mstephens@davidson-herman.com ,"14023 Rodriguez Passage\nPort Jacobville, PR 3... ",MediumAquaMarine ,31.500541,16.808555,39.003818,3.447727,637.539651
198,riverarebecca@gmail.com ,"1414 David Throughway\nPort Jason, OH 22070-1220 ",SaddleBrown ,29.336734,16.632612,28.179890,3.116202,671.020031
199,mstephens@davidson-herman.com ,"14023 Rodriguez Passage\nPort Jacobville, PR 3... ",MediumAquaMarine ,26.533522,13.393051,26.625500,2.076150,571.362560
200,mstephenson@fernandez.com ,"835 Frank Tunnel\nWrightmouth, MI 82180-9605 ",Violet ,22.567034,11.313256,30.440786,3.584282,493.798905
201,hduke@hotmail.com ,"4547 Archer Common\nDiazchester, CA 06566-8576 ",DarkGreen ,33.247153,8.301747,28.408471,5.598117,390.938177
202,pallen@yahoo.com ,"24645 Valerie Unions Suite 582\nCobbborough, D... ",Bisque ,22.962541,15.710995,25.252453,3.721552,474.917943
203,riverarebecca@gmail.com ,"1414 David Throughway\nPort Jason, OH 22070-1220 ",SaddleBrown ,32.941133,12.134827,31.472194,3.585851,607.882243
204,mstephens@davidson-herman.com ,"14023 Rodriguez Passage\nPort Jacobville, PR 3... ",MediumAquaMarine ,32.054643,13.931332,33.058911,2.763471,595.182112
205,mstephenson@fernandez.com ,"835 Frank Tunnel\nWrightmouth, MI 82180-9605 ",Violet ,27.161044,13.181712,37.102693,5.670116,343.189742
206,hduke@hotmail.com ,"4547 Archer Common\nDiazchester, CA 06566-8576 ",DarkGreen ,29.657104,16.385434,36.633002,4.605420,607.245697
207,pallen@yahoo.com ,"24645 Valerie Unions Suite 582\nCobbborough, D... ",Bisque ,32.968749,15.012205,41.512361,3.937994,506.572652
208,riverarebecca@gmail.com ,"1414 David Throughway\nPort Jason, OH 22070-1220 ",SaddleBrown ,32.343153,13.427296,36.395693,5.090689,613.340963
209,mstephens@davidson-herman.com ,"14023 Rodriguez Passage\nPort Jacobville, PR 3... ",MediumAquaMarine ,33.721518,12.167219,35.509881,4.381684,346.030950
210,mstephenson@fernandez.com ,"835 Frank Tunnel\nWrightmouth, MI 82180-9605 ",Violet ,23.495577,11.556572,33.563481,3.406762,380.814218
211,hduke@hotmail.com ,"4547 Archer Common\nDiazchester, CA 06566-8576 ",DarkGreen ,27.723583,15.387901,37.112041,2.974474,418.294457
212,pallen@yahoo.com ,"24645 Valerie Unions Suite 582\nCobbborough, D... ",Bisque ,33.004907,8.983471,34.296642,4.500900,414.044371
213,riverarebecca@gmail.com ,"1414 David Throughway\nPort Jason, OH 22070-1220 ",SaddleBrown ,34.490330,13.413831,28.779330,2.544049,399.240037
214,mstephens@davidson-herman.com ,"14023 Rodriguez Passage\nPort Jacobville, PR 3... ",MediumAquaMarine ,33.367268,11.749561,34.295833,4.178580,556.884718
215,mstephenson@fernandez.com ,"835 Frank Tunnel\nWrightmouth, MI 82180-9605 ",Violet ,35.556316,10.403420,24.760644,3.545645,378.674634
216,hduke@hotmail.com ,"4547 Archer Common\nDiazchester, CA 06566-8576 ",DarkGreen ,27.641496,16.717350,28.366220,3.569489,594.177410
217,pallen@yahoo.com ,"24645 Valerie Unions Suite 582\nCobbborough, D... ",Bisque ,35.315062,16.221028,34.024731,4.068756,443.174490
218,riverarebecca@gmail.com ,"1414 David Throughway\nPort Jason, OH 22070-1220 ",SaddleBrown ,32.326129,10.476833,30.843547,2.520199,514.131380
219,mstephens@davidson-herman.com ,"14023 Rodriguez Passage\nPort Jacobville, PR 3... ",MediumAquaMarine ,25.616459,16.436212,28.771004,3.024999,546.658705
220,hduke@hotmail.com ,"4547 Archer Common\nDiazchester, CA 06566-8576 ",DarkGreen ,27.783292,9.361719,32.936790,4.463744,668.132540
221,pallen@yahoo.com ,"24645 Valerie Unions Suite 582\nCobbborough, D... ",Bisque ,37.606022,18.073707,32.768592,3.121105,442.150415
222,riverarebecca@gmail.com ,"1414 David Throughway\nPort Jason, OH 22070-1220 ",SaddleBrown ,26.498385,15.805898,25.688258,5.318628,682.722833
223,mstephens@davidson-herman.com ,"14023 Rodriguez Passage\nPort Jacobville, PR 3... ",MediumAquaMarine ,30.641072,10.168337,30.366845,4.819859,540.426080
224,mstephenson@fernandez.com ,"835 Frank Tunnel\nWrightmouth, MI 82180-9605 ",Violet ,38.932541,11.040148,42.556349,3.622422,704.183519
225,hduke@hotmail.com ,"4547 Archer Common\nDiazchester, CA 06566-8576 ",DarkGreen ,24.544211,13.583119,31.788499,3.653096,590.074600
226,pallen@yahoo.com ,"24645 Valerie Unions Suite 582\nCobbborough, D... ",Bisque ,24.229467,8.049634,35.021852,4.794831,594.770006
227,riverarebecca@gmail.com ,"1414 David Throughway\nPort Jason, OH 22070-1220 ",SaddleBrown ,30.602234,13.497586,42.934845,2.888860,573.276689
228,mstephens@davidson-herman.com ,"14023 Rodriguez Passage\nPort Jacobville, PR 3... ",MediumAquaMarine ,26.159810,13.531595,32.320921,5.407062,642.034142
229,mstephenson@fernandez.com ,"835 Frank Tunnel\nWrightmouth, MI 82180-9605 ",Violet ,30.417371,10.009727,37.017501,5.008329,572.098149
230,hduke@hotmail.com ,"4547 Archer Common\nDiazchester, CA 06566-8576 ",DarkGreen ,29.293978,17.013993,36.311243,3.819703,482.021375
231,pallen@yahoo.com ,"24645 Valerie Unions Suite 582\nCobbborough, D... ",Bisque ,30.835062,15.742349,26.495487,2.932046,496.963798
232,riverarebecca@gmail.com ,"1414 David Throughway\nPort Jason, OH 22070-1220 ",SaddleBrown ,21.171491,14.141870,27.726485,3.921714,421.139283
233,mstephens@davidson-herman.com ,"14023 Rodriguez Passage\nPort Jacobville, PR 3... ",MediumAquaMarine ,27.875933,17.494991,30.011774,2.587250,487.810305
234,mstephenson@fernandez.com ,"835 Frank Tunnel\nWrightmouth, MI 82180-9605 ",Violet ,27.754375,12.109390,40.878356,5.095972,313.080291
235,hduke@hotmail.com ,"4547 Archer Common\nDiazchester, CA 06566-8576 ",DarkGreen ,34.235395,16.980891,34.810949,2.768435,464.816658
236,pallen@yahoo.com ,"24645 Valerie Unions Suite 582\nCobbborough, D... ",Bisque ,34.412957,13.169842,25.329028,4.547343,421.522141
237,riverarebecca@gmail.com ,"1414 David Throughway\nPort Jason, OH 22070-1220 ",SaddleBrown ,25.603908,15.736700,39.287789,4.207186,476.796470
238,mstephens@davidson-herman.com ,"14023 Rodriguez Passage\nPort Jacobville, PR 3... ",MediumAquaMarine ,27.460315,10.259617,26.674687,4.150758,601.835908
239,mstephens@davidson-herman.com ,"14023 Rodriguez Passage\nPort Jacobville, PR 3... ",MediumAquaMarine ,28.052415,18.725606,34.848827,4.695398,448.126988
240,mstephenson@fernandez.com ,"835 Frank Tunnel\nWrightmouth, MI 82180-9605 ",Violet ,26.488993,12.313335,34.031559,5.203768,334.016581
241,hduke@hotmail.com ,"4547 Archer Common\nDiazchester, CA 06566-8576 ",DarkGreen ,35.344783,10.983518,36.578797,5.736889,584.720559
242,pallen@yahoo.com ,"24645 Valerie Unions Suite 582\nCobbborough, D... ",Bisque ,29.282073,13.928649,25.862370,4.149501,339.073926
243,riverarebecca@gmail.com ,"1414 David Throughway\nPort Jason, OH 22070-1220 ",SaddleBrown ,23.665998,12.387662,38.413427,5.014739,492.013673
244,mstephens@davidson-herman.com ,"14023 Rodriguez Passage\nPort Jacobville, PR 3... ",MediumAquaMarine ,31.855178,14.155206,36.961183,2.795479,569.713523
245,mstephenson@fernandez.com ,"835 Frank Tunnel\nWrightmouth, MI 82180-9605 ",Violet ,33.070492,12.596093,35.310103,3.366625,549.914253
246,hduke@hotmail.com ,"4547 Archer Common\nDiazchester, CA 06566-8576 ",DarkGreen ,35.591773,16.024696,32.071683,5.716571,689.593763
247,pallen@yahoo.com ,"24645 Valerie Unions Suite 582\nCobbborough, D... ",Bisque ,32.571127,10.740256,33.598840,3.550229,538.017158
248,riverarebecca@gmail.com ,"1414 David Throughway\nPort Jason, OH 22070-1220 ",SaddleBrown ,28.728414,17.899207,34.649936,4.190533,531.220322
249,mstephens@davidson-herman.com ,"14023 Rodriguez Passage\nPort Jacobville, PR 3... ",MediumAquaMarine ,25.135302,16.859376,26.654692,5.013904,602.642909
250,hduke@hotmail.com ,"4547 Archer Common\nDiazchester, CA 06566-8576 ",DarkGreen ,26.278845,10.843130,27.101369,5.109907,527.408053
251,pallen@yahoo.com ,"24645 Valerie Unions Suite 582\nCobbborough, D... ",Bisque ,36.530169,13.841367,38.176295,4.038747,498.280497
252,riverarebecca@gmail.com ,"1414 David Throughway\nPort Jason, OH 22070-1220 ",SaddleBrown ,29.636261,16.386504,36.491081,3.285117,609.407189
253,mstephens@davidson-herman.com ,"14023 Rodriguez Passage\nPort Jacobville, PR 3... ",MediumAquaMarine ,31.593205,16.900384,26.911613,3.841686,387.375337
254,mstephenson@fernandez.com ,"835 Frank Tunnel\nWrightmouth, MI 82180-9605 ",Violet ,31.037319,9.837937,35.816481,3.082786,530.096125
255,hduke@hotmail.com ,"4547 Archer Common\nDiazchester, CA 06566-8576 ",DarkGreen ,27.848792,14.018401,37.520453,4.350644,355.210847
256,pallen@yahoo.com ,"24645 Valerie Unions Suite 582\nCobbborough, D... ",Bisque ,25.628621,14.169261,24.404363,3.998883,581.596049
257,riverarebecca@gmail.com ,"1414 David Throughway\nPort Jason, OH 22070-1220 ",SaddleBrown ,35.013978,9.793649,29.838988,3.899722,297.162372
258,mstephens@davidson-herman.com ,"14023 Rodriguez Passage\nPort Jacobville, PR 3... ",MediumAquaMarine ,26.787610,12.476096,37.353507,4.577620,353.413848
259,mstephenson@fernandez.com ,"835 Frank Tunnel\nWrightmouth, MI 82180-9605 ",Violet ,29.500863,16.046809,40.468579,3.751461,528.491361
260,hduke@hotmail.com ,"4547 Archer Common\nDiazchester, CA 06566-8576 ",DarkGreen ,32.974138,9.868768,34.199959,2.842260,545.928066
261,pallen@yahoo.com ,"24645 Valerie Unions Suite 582\nCobbborough, D... ",Bisque ,29.220276,14.914402,31.408802,3.076380,376.093213
262,riverarebecca@gmail.com ,"1414 David Throughway\nPort Jason, OH 22070-1220 ",SaddleBrown ,28.818108,16.175785,26.056934,4.159910,442.566073
263,mstephens@davidson-herman.com ,"14023 Rodriguez Passage\nPort Jacobville, PR 3... ",MediumAquaMarine ,32.601080,8.042519,41.503381,5.009612,578.111282
264,mstephenson@fernandez.com ,"835 Frank Tunnel\nWrightmouth, MI 82180-9605 ",Violet ,36.740227,13.444656,35.155755,4.032060,597.681980
265,hduke@hotmail.com ,"4547 Archer Common\nDiazchester, CA 06566-8576 ",DarkGreen ,33.431066,8.882762,31.294861,4.255738,488.921031
266,pallen@yahoo.com ,"24645 Valerie Unions Suite 582\nCobbborough, D... ",Bisque ,26.190879,9.332543,35.352084,4.764212,545.566454
267,riverarebecca@gmail.com ,"1414 David Throughway\nPort Jason, OH 22070-1220 ",SaddleBrown ,24.366199,9.529578,35.760268,3.734226,546.671899
268,mstephens@davidson-herman.com ,"14023 Rodriguez Passage\nPort Jacobville, PR 3... ",MediumAquaMarine ,31.910300,8.665170,34.653822,4.060832,263.422326
269,mstephens@davidson-herman.com ,"14023 Rodriguez Passage\nPort Jacobville, PR 3... ",MediumAquaMarine ,31.536250,8.983235,33.710185,3.536680,556.593241
270,mstephenson@fernandez.com ,"835 Frank Tunnel\nWrightmouth, MI 82180-9605 ",Violet ,26.566269,13.742315,24.882171,5.228336,616.459792
271,hduke@hotmail.com ,"4547 Archer Common\nDiazchester, CA 06566-8576 ",DarkGreen ,30.126309,17.315005,24.252407,5.292777,565.736363
272,pallen@yahoo.com ,"24645 Valerie Unions Suite 582\nCobbborough, D... ",Bisque ,34.209486,17.445804,28.563729,4.991907,551.632899
273,riverarebecca@gmail.com ,"1414 David Throughway\nPort Jason, OH 22070-1220 ",SaddleBrown ,30.854135,18.415867,34.096972,4.122561,331.149755
274,mstephens@davidson-herman.com ,"14023 Rodriguez Passage\nPort Jacobville, PR 3... ",MediumAquaMarine ,30.993075,10.619925,25.820777,3.738688,558.468280
275,mstephenson@fernandez.com ,"835 Frank Tunnel\nWrightmouth, MI 82180-9605 ",Violet ,31.656092,15.494333,27.225307,3.671178,363.510689
276,hduke@hotmail.com ,"4547 Archer Common\nDiazchester, CA 06566-8576 ",DarkGreen ,26.824667,7.952230,34.026380,3.860975,607.488757
277,pallen@yahoo.com ,"24645 Valerie Unions Suite 582\nCobbborough, D... ",Bisque ,35.450706,9.549069,40.047374,5.137406,388.501136
278,riverarebecca@gmail.com ,"1414 David Throughway\nPort Jason, OH 22070-1220 ",SaddleBrown ,25.275489,9.456246,32.613306,3.906427,475.958159
279,mstephens@davidson-herman.com ,"14023 Rodriguez Passage\nPort Jacobville, PR 3... ",MediumAquaMarine ,27.932215,14.483246,34.797559,2.580409,534.443596
280,hduke@hotmail.com ,"4547 Archer Common\nDiazchester, CA 06566-8576 ",DarkGreen ,29.738284,14.545090,26.604688,4.777518,486.623580
281,pallen@yahoo.com ,"24645 Valerie Unions Suite 582\nCobbborough, D... ",Bisque ,29.182036,10.179128,41.835720,4.209068,628.724386
282,riverarebecca@gmail.com ,"1414 David Throughway\nPort Jason, OH 22070-1220 ",SaddleBrown ,31.856753,12.330933,41.923274,4.627739,526.083857
283,mstephens@davidson-herman.com ,"14023 Rodriguez Passage\nPort Jacobville, PR 3... ",MediumAquaMarine ,25.717142,16.805819,29.887666,4.603814,685.763252
284,mstephenson@fernandez.com ,"835 Frank Tunnel\nWrightmouth, MI 82180-9605 ",Violet ,30.453998,10.525054,35.417092,5.728087,322.003442
285,hduke@hotmail.com ,"4547 Archer Common\nDiazchester, CA 06566-8576 ",DarkGreen ,26.054673,8.197305,34.876810,3.154953,631.755563
286,pallen@yahoo.com ,"24645 Valerie Unions Suite 582\nCobbborough, D... ",Bisque ,31.314127,17.554735,36.068959,3.947213,500.946068
287,riverarebecca@gmail.com ,"1414 David Throughway\nPort Jason, OH 22070-1220 ",SaddleBrown ,36.457279,15.435460,40.227135,3.846297,653.858100
288,mstephens@davidson-herman.com ,"14023 Rodriguez Passage\nPort Jacobville, PR 3... ",MediumAquaMarine ,31.012551,10.977096,33.290403,3.260435,500.085639
289,mstephenson@fernandez.com ,"835 Frank Tunnel\nWrightmouth, MI 82180-9605 ",Violet ,22.057981,10.062153,32.711333,3.042865,607.064189
290,hduke@hotmail.com ,"4547 Archer Common\nDiazchester, CA 06566-8576 ",DarkGreen ,31.273294,13.876878,28.622208,4.681358,576.062811
291,pallen@yahoo.com ,"24645 Valerie Unions Suite 582\nCobbborough, D... ",Bisque ,28.308657,10.387906,37.677672,4.724359,576.136081
292,riverarebecca@gmail.com ,"1414 David Throughway\nPort Jason, OH 22070-1220 ",SaddleBrown ,29.203661,15.020969,41.564499,4.535612,320.613793
293,mstephens@davidson-herman.com ,"14023 Rodriguez Passage\nPort Jacobville, PR 3... ",MediumAquaMarine ,20.793750,13.148459,30.908115,4.603843,573.565707
294,mstephenson@fernandez.com ,"835 Frank Tunnel\nWrightmouth, MI 82180-9605 ",Violet ,24.434383,15.753840,23.626745,3.871103,584.581418
295,hduke@hotmail.com ,"4547 Archer Common\nDiazchester, CA 06566-8576 ",DarkGreen ,34.402086,16.427865,30.404339,4.337178,618.239243
296,pallen@yahoo.com ,"24645 Valerie Unions Suite 582\nCobbborough, D... ",Bisque ,26.857582,8.482493,30.316076,3.428013,415.357552
297,riverarebecca@gmail.com ,"1414 David Throughway\nPort Jason, OH 22070-1220 ",SaddleBrown ,25.189017,11.211143,28.260738,3.403365,597.010420
298,mstephens@davidson-herman.com ,"14023 Rodriguez Passage\nPort Jacobville, PR 3... ",MediumAquaMarine ,29.877532,11.194060,35.709603,3.943102,376.885860
299,mstephens@davidson-herman.com ,"14023 Rodriguez Passage\nPort Jacobville, PR 3... ",MediumAquaMarine ,36.455638,12.804915,29.988859,3.530474,683.057219
300,mstephenson@fernandez.com ,"835 Frank Tunnel\nWrightmouth, MI 82180-9605 ",Violet ,28.137634,9.214115,31.565461,4.013760,631.503901
301,hduke@hotmail.com ,"4547 Archer Common\nDiazchester, CA 06566-8576 ",DarkGreen ,31.022205,17.483155,31.824903,4.677722,424.747563
302,pallen@yahoo.com ,"24645 Valerie Unions Suite 582\nCobbborough, D... ",Bisque ,31.930081,11.988542,38.674794,4.775987,539.168659
303,riverarebecca@gmail.com ,"1414 David Throughway\nPort Jason, OH 22070-1220 ",SaddleBrown ,25.127524,18.638283,35.104638,4.785574,429.279541
304,mstephens@davidson-herman.com ,"14023 Rodriguez Passage\nPort Jacobville, PR 3... ",MediumAquaMarine ,25.270223,14.960874,25.509139,4.741688,263.835512
305,mstephenson@fernandez.com ,"835 Frank Tunnel\nWrightmouth, MI 82180-9605 ",Violet ,25.502840,14.870383,35.214097,5.252455,601.751908
306,hduke@hotmail.com ,"4547 Archer Common\nDiazchester, CA 06566-8576 ",DarkGreen ,28.504841,10.305295,31.192237,4.630037,662.238942
307,pallen@yahoo.com ,"24645 Valerie Unions Suite 582\nCobbborough, D... ",Bisque ,29.902258,15.327895,31.419445,3.679247,561.657579
308,riverarebecca@gmail.com ,"1414 David Throughway\nPort Jason, OH 22070-1220 ",SaddleBrown ,32.057417,17.563402,34.906672,5.201635,649.066323
309,mstephens@davidson-herman.com ,"14023 Rodriguez Passage\nPort Jacobville, PR 3... ",MediumAquaMarine ,32.924299,8.902908,34.174755,4.618173,599.929149
310,hduke@hotmail.com ,"4547 Archer Common\nDiazchester, CA 06566-8576 ",DarkGreen ,26.122051,11.307211,42.666300,3.607847,535.008311
311,pallen@yahoo.com ,"24645 Valerie Unions Suite 582\nCobbborough, D... ",Bisque ,27.299629,11.995477,37.252560,2.675132,419.857639
312,riverarebecca@gmail.com ,"1414 David Throughway\nPort Jason, OH 22070-1220 ",SaddleBrown ,24.020666,16.837987,39.578449,4.531360,449.903078
313,mstephens@davidson-herman.com ,"14023 Rodriguez Passage\nPort Jacobville, PR 3... ",MediumAquaMarine ,25.364164,12.559708,33.065216,5.050159,523.700165
314,mstephenson@fernandez.com ,"835 Frank Tunnel\nWrightmouth, MI 82180-9605 ",Violet ,27.497990,12.897455,31.400792,4.581637,470.324090
315,hduke@hotmail.com ,"4547 Archer Common\nDiazchester, CA 06566-8576 ",DarkGreen ,27.302792,16.727812,31.084283,5.483298,644.428707
316,pallen@yahoo.com ,"24645 Valerie Unions Suite 582\nCobbborough, D... ",Bisque ,32.789558,11.917169,34.206939,5.299584,558.342234
317,riverarebecca@gmail.com ,"1414 David Throughway\nPort Jason, OH 22070-1220 ",SaddleBrown ,33.596467,12.669723,26.396675,4.936997,613.636234
318,mstephens@davidson-herman.com ,"14023 Rodriguez Passage\nPort Jacobville, PR 3... ",MediumAquaMarine ,34.588278,11.642819,34.848743,3.546566,512.102166
319,mstephenson@fernandez.com ,"835 Frank Tunnel\nWrightmouth, MI 82180-9605 ",Violet ,29.988968,8.404538,36.243629,3.878633,514.207149
320,hduke@hotmail.com ,"4547 Archer Common\nDiazchester, CA 06566-8576 ",DarkGreen ,33.703654,7.353195,41.801553,4.183153,500.573722
321,pallen@yahoo.com ,"24645 Valerie Unions Suite 582\nCobbborough, D... ",Bisque ,27.415382,12.943839,41.766702,4.292261,453.332475
322,riverarebecca@gmail.com ,"1414 David Throughway\nPort Jason, OH 22070-1220 ",SaddleBrown ,30.868813,11.345251,35.362004,3.198619,443.807166
323,mstephens@davidson-herman.com ,"14023 Rodriguez Passage\nPort Jacobville, PR 3... ",MediumAquaMarine ,32.168195,16.061407,34.636295,3.695021,597.274264
324,mstephenson@fernandez.com ,"835 Frank Tunnel\nWrightmouth, MI 82180-9605 ",Violet ,31.664750,16.755163,32.031922,5.424203,421.668055
325,hduke@hotmail.com ,"4547 Archer Common\nDiazchester, CA 06566-8576 ",DarkGreen ,25.273333,13.236842,35.373392,3.319154,466.183504
326,pallen@yahoo.com ,"24645 Valerie Unions Suite 582\nCobbborough, D... ",Bisque ,25.448748,11.330297,25.938204,2.582184,736.410983
327,riverarebecca@gmail.com ,"1414 David Throughway\nPort Jason, OH 22070-1220 ",SaddleBrown ,35.459593,17.185254,28.973900,4.360176,576.825229
328,mstephens@davidson-herman.com ,"14023 Rodriguez Passage\nPort Jacobville, PR 3... ",MediumAquaMarine ,28.743392,13.723684,41.006778,3.375327,342.220062
329,mstephens@davidson-herman.com ,"14023 Rodriguez Passage\nPort Jacobville, PR 3... ",MediumAquaMarine ,26.505653,9.144835,26.546367,4.046278,569.396460
330,mstephenson@fernandez.com ,"835 Frank Tunnel\nWrightmouth, MI 82180-9605 ",Violet ,33.617359,17.161565,31.525555,3.756739,486.753340
331,hduke@hotmail.com ,"4547 Archer Common\nDiazchester, CA 06566-8576 ",DarkGreen ,30.755977,13.906439,35.139906,3.188465,514.262380
332,pallen@yahoo.com ,"24645 Valerie Unions Suite 582\nCobbborough, D... ",Bisque ,32.660970,9.440231,27.875686,3.988779,419.082079
333,riverarebecca@gmail.com ,"1414 David Throughway\nPort Jason, OH 22070-1220 ",SaddleBrown ,27.060237,10.420755,43.414105,4.067799,325.360329
334,mstephens@davidson-herman.com ,"14023 Rodriguez Passage\nPort Jacobville, PR 3... ",MediumAquaMarine ,28.843855,15.269214,30.135794,4.718077,215.060309
335,mstephenson@fernandez.com ,"835 Frank Tunnel\nWrightmouth, MI 82180-9605 ",Violet ,24.062925,13.813579,39.572232,4.126749,463.380423
336,hduke@hotmail.com ,"4547 Archer Common\nDiazchester, CA 06566-8576 ",DarkGreen ,33.061588,10.826045,31.566306,4.119660,363.871885
337,pallen@yahoo.com ,"24645 Valerie Unions Suite 582\nCobbborough, D... ",Bisque ,28.050224,18.463499,29.498143,2.439369,458.315992
338,riverarebecca@gmail.com ,"1414 David Throughway\nPort Jason, OH 22070-1220 ",SaddleBrown ,31.780927,16.879048,32.400775,3.715444,466.243853
339,mstephens@davidson-herman.com ,"14023 Rodriguez Passage\nPort Jacobville, PR 3... ",MediumAquaMarine ,24.139007,12.546613,30.237290,2.787988,442.978328
340,hduke@hotmail.com ,"4547 Archer Common\nDiazchester, CA 06566-8576 ",DarkGreen ,30.028486,13.637176,29.208082,4.524037,228.244368
341,pallen@yahoo.com ,"24645 Valerie Unions Suite 582\nCobbborough, D... ",Bisque ,33.388696,15.103726,24.470345,4.355089,552.746007
342,riverarebecca@gmail.com ,"1414 David Throughway\nPort Jason, OH 22070-1220 ",SaddleBrown ,22.252793,15.132297,32.173237,2.716313,411.748973
343,mstephens@davidson-herman.com ,"14023 Rodriguez Passage\nPort Jacobville, PR 3... ",MediumAquaMarine ,30.493043,14.758803,33.157191,5.491759,663.402556
344,mstephenson@fernandez.com ,"835 Frank Tunnel\nWrightmouth, MI 82180-9605 ",Violet ,28.246254,9.712378,32.399063,3.450954,568.649353
345,hduke@hotmail.com ,"4547 Archer Common\nDiazchester, CA 06566-8576 ",DarkGreen ,27.374678,9.624649,34.090398,2.806842,585.608623
346,pallen@yahoo.com ,"24645 Valerie Unions Suite 582\nCobbborough, D... ",Bisque ,21.999409,9.525978,32.374220,5.466040,707.800598
347,riverarebecca@gmail.com ,"1414 David Throughway\nPort Jason, OH 22070-1220 ",SaddleBrown ,24.052162,13.907172,29.999521,4.413198,323.591947
348,mstephens@davidson-herman.com ,"14023 Rodriguez Passage\nPort Jacobville, PR 3... ",MediumAquaMarine ,36.006292,16.788607,34.468753,4.082288,503.158035
349,mstephenson@fernandez.com ,"835 Frank Tunnel\nWrightmouth, MI 82180-9605 ",Violet ,26.985417,17.221402,32.589369,4.966349,345.622717
350,hduke@hotmail.com ,"4547 Archer Common\nDiazchester, CA 06566-8576 ",DarkGreen ,21.523855,14.487453,37.028650,2.897016,304.920455
351,pallen@yahoo.com ,"24645 Valerie Unions Suite 582\nCobbborough, D... ",Bisque ,32.110786,16.980107,38.802431,2.670917,372.384346
352,riverarebecca@gmail.com ,"1414 David Throughway\nPort Jason, OH 22070-1220 ",SaddleBrown ,30.381411,12.663038,36.272289,4.184961,485.157616
353,mstephens@davidson-herman.com ,"14023 Rodriguez Passage\nPort Jacobville, PR 3... ",MediumAquaMarine ,23.463776,7.838126,28.769444,3.457459,453.006254
354,mstephenson@fernandez.com ,"835 Frank Tunnel\nWrightmouth, MI 82180-9605 ",Violet ,33.105510,14.731035,35.209561,2.345999,635.744621
355,hduke@hotmail.com ,"4547 Archer Common\nDiazchester, CA 06566-8576 ",DarkGreen ,32.209285,9.189112,27.660787,4.094966,459.020540
356,pallen@yahoo.com ,"24645 Valerie Unions Suite 582\nCobbborough, D... ",Bisque ,29.402171,18.171125,32.110200,4.777519,504.276271
357,riverarebecca@gmail.com ,"1414 David Throughway\nPort Jason, OH 22070-1220 ",SaddleBrown ,35.644918,8.203443,25.357854,2.432285,359.782773
358,mstephens@davidson-herman.com ,"14023 Rodriguez Passage\nPort Jacobville, PR 3... ",MediumAquaMarine ,28.583945,11.944245,26.228094,5.035191,481.555043
359,mstephens@davidson-herman.com ,"14023 Rodriguez Passage\nPort Jacobville, PR 3... ",MediumAquaMarine ,30.557364,13.634612,34.322821,3.056892,632.968263
360,mstephenson@fernandez.com ,"835 Frank Tunnel\nWrightmouth, MI 82180-9605 ",Violet ,29.673025,11.555487,33.433193,4.616816,744.746489
361,hduke@hotmail.com ,"4547 Archer Common\nDiazchester, CA 06566-8576 ",DarkGreen ,36.372414,12.010782,31.327856,3.705228,293.862060
362,pallen@yahoo.com ,"24645 Valerie Unions Suite 582\nCobbborough, D... ",Bisque ,36.126909,15.083477,27.227812,4.402575,614.747226
363,riverarebecca@gmail.com ,"1414 David Throughway\nPort Jason, OH 22070-1220 ",SaddleBrown ,33.374665,12.252612,34.720876,2.643136,592.230549
364,mstephens@davidson-herman.com ,"14023 Rodriguez Passage\nPort Jacobville, PR 3... ",MediumAquaMarine ,33.871735,10.581796,32.547246,4.663528,597.141735
365,mstephenson@fernandez.com ,"835 Frank Tunnel\nWrightmouth, MI 82180-9605 ",Violet ,37.096156,11.429764,35.991538,3.775972,334.514773
366,hduke@hotmail.com ,"4547 Archer Common\nDiazchester, CA 06566-8576 ",DarkGreen ,29.030817,8.576375,31.445988,4.655098,519.530481
367,pallen@yahoo.com ,"24645 Valerie Unions Suite 582\nCobbborough, D... ",Bisque ,32.183060,17.348311,29.639680,4.405556,416.205294
368,riverarebecca@gmail.com ,"1414 David Throughway\nPort Jason, OH 22070-1220 ",SaddleBrown ,26.731323,15.795475,25.075478,2.475139,549.028724
369,mstephens@davidson-herman.com ,"14023 Rodriguez Passage\nPort Jacobville, PR 3... ",MediumAquaMarine ,20.719003,16.399273,33.966678,3.034310,578.630299
370,hduke@hotmail.com ,"4547 Archer Common\nDiazchester, CA 06566-8576 ",DarkGreen ,32.293429,11.341738,38.419452,4.596379,584.668563
371,pallen@yahoo.com ,"24645 Valerie Unions Suite 582\nCobbborough, D... ",Bisque ,31.511381,10.598276,26.621299,3.323761,443.031204
372,riverarebecca@gmail.com ,"1414 David Throughway\nPort Jason, OH 22070-1220 ",SaddleBrown ,38.550453,14.287156,40.705592,3.695063,564.637873
373,mstephens@davidson-herman.com ,"14023 Rodriguez Passage\nPort Jacobville, PR 3... ",MediumAquaMarine ,28.153704,9.610574,28.767150,4.855178,401.223777
374,mstephenson@fernandez.com ,"835 Frank Tunnel\nWrightmouth, MI 82180-9605 ",Violet ,29.843450,17.200653,40.112175,5.894949,278.218148
375,hduke@hotmail.com ,"4547 Archer Common\nDiazchester, CA 06566-8576 ",DarkGreen ,23.065456,17.991808,33.053798,5.610995,560.469148
376,pallen@yahoo.com ,"24645 Valerie Unions Suite 582\nCobbborough, D... ",Bisque ,34.522654,11.590184,40.506405,4.680066,435.220080
377,riverarebecca@gmail.com ,"1414 David Throughway\nPort Jason, OH 22070-1220 ",SaddleBrown ,35.420373,12.634742,31.187905,3.215133,519.901458
378,mstephens@davidson-herman.com ,"14023 Rodriguez Passage\nPort Jacobville, PR 3... ",MediumAquaMarine ,21.388846,16.762113,39.956604,3.989142,611.490556
379,mstephenson@fernandez.com ,"835 Frank Tunnel\nWrightmouth, MI 82180-9605 ",Violet ,27.466360,9.771342,29.810457,3.297319,531.185685
380,hduke@hotmail.com ,"4547 Archer Common\nDiazchester, CA 06566-8576 ",DarkGreen ,25.587874,9.745149,27.214625,4.022015,401.781691
381,pallen@yahoo.com ,"24645 Valerie Unions Suite 582\nCobbborough, D... ",Bisque ,26.203078,13.546257,41.203496,2.399776,290.973500
382,riverarebecca@gmail.com ,"1414 David Throughway\nPort Jason, OH 22070-1220 ",SaddleBrown ,30.802734,18.294298,37.239266,2.685099,566.683506
383,mstephens@davidson-herman.com ,"14023 Rodriguez Passage\nPort Jacobville, PR 3... ",MediumAquaMarine ,37.067540,11.687116,25.716893,5.002202,391.656236
384,mstephenson@fernandez.com ,"835 Frank Tunnel\nWrightmouth, MI 82180-9605 ",Violet ,33.635114,14.948565,25.946327,3.436493,365.279262
385,hduke@hotmail.com ,"4547 Archer Common\nDiazchester, CA 06566-8576 ",DarkGreen ,28.851943,17.643984,28.366396,4.483130,586.517177
386,pallen@yahoo.com ,"24645 Valerie Unions Suite 582\nCobbborough, D... ",Bisque ,34.986738,10.132981,34.820608,5.363997,524.072944
387,riverarebecca@gmail.com ,"1414 David Throughway\nPort Jason, OH 22070-1220 ",SaddleBrown ,31.927408,17.359117,28.379475,2.691352,694.213914
388,mstephens@davidson-herman.com ,"14023 Rodriguez Passage\nPort Jacobville, PR 3... ",MediumAquaMarine ,24.664964,9.267554,29.942269,3.223141,418.309547
389,mstephens@davidson-herman.com ,"14023 Rodriguez Passage\nPort Jacobville, PR 3... ",MediumAquaMarine ,29.688305,15.442183,30.673745,5.284388,429.420937
390,mstephenson@fernandez.com ,"835 Frank Tunnel\nWrightmouth, MI 82180-9605 ",Violet ,36.327326,13.274002,33.374314,4.405750,552.659097
391,hduke@hotmail.com ,"4547 Archer Common\nDiazchester, CA 06566-8576 ",DarkGreen ,33.899408,12.857987,42.870010,3.904050,364.922521
392,pallen@yahoo.com ,"24645 Valerie Unions Suite 582\nCobbborough, D... ",Bisque ,25.136341,13.970820,38.708789,5.381575,395.564594
393,riverarebecca@gmail.com ,"1414 David Throughway\nPort Jason, OH 22070-1220 ",SaddleBrown ,26.718010,17.416017,35.004212,3.623014,685.894903
394,mstephens@davidson-herman.com ,"14023 Rodriguez Passage\nPort Jacobville, PR 3... ",MediumAquaMarine ,22.607455,14.440569,33.696838,4.894213,704.889018
395,mstephenson@fernandez.com ,"835 Frank Tunnel\nWrightmouth, MI 82180-9605 ",Violet ,24.636819,9.763179,31.716599,3.417219,331.843128
396,hduke@hotmail.com ,"4547 Archer Common\nDiazchester, CA 06566-8576 ",DarkGreen ,27.097790,9.920204,26.874151,4.340605,723.445677
397,pallen@yahoo.com ,"24645 Valerie Unions Suite 582\nCobbborough, D... ",Bisque ,30.700311,17.942024,32.639693,3.629855,309.520841
